[{"model": "admin.logentry", "pk": 1, "fields": {"action_time": "2022-05-30T13:42:15.062Z", "user": 1, "content_type": 4, "object_id": "2", "object_repr": "costanze", "action_flag": 1, "change_message": "[{\"added\": {}}]"}}, {"model": "admin.logentry", "pk": 2, "fields": {"action_time": "2022-05-30T13:42:19.585Z", "user": 1, "content_type": 4, "object_id": "3", "object_repr": "newman", "action_flag": 1, "change_message": "[{\"added\": {}}]"}}, {"model": "admin.logentry", "pk": 3, "fields": {"action_time": "2022-05-30T13:42:49.401Z", "user": 1, "content_type": 4, "object_id": "4", "object_repr": "lady_sofi", "action_flag": 1, "change_message": "[{\"added\": {}}]"}}, {"model": "admin.logentry", "pk": 4, "fields": {"action_time": "2022-05-30T13:42:51.890Z", "user": 1, "content_type": 4, "object_id": "5", "object_repr": "jerry", "action_flag": 1, "change_message": "[{\"added\": {}}]"}}, {"model": "admin.logentry", "pk": 5, "fields": {"action_time": "2022-05-30T13:42:58.572Z", "user": 1, "content_type": 4, "object_id": "6", "object_repr": "elaine", "action_flag": 1, "change_message": "[{\"added\": {}}]"}}, {"model": "admin.logentry", "pk": 6, "fields": {"action_time": "2022-05-30T13:43:17.410Z", "user": 1, "content_type": 4, "object_id": "7", "object_repr": "kramer", "action_flag": 1, "change_message": "[{\"added\": {}}]"}}, {"model": "admin.logentry", "pk": 7, "fields": {"action_time": "2022-05-30T13:43:21.087Z", "user": 1, "content_type": 4, "object_id": "2", "object_repr": "costanza", "action_flag": 2, "change_message": "[{\"changed\": {\"fields\": [\"Username\"]}}]"}}, {"model": "admin.logentry", "pk": 8, "fields": {"action_time": "2022-05-30T13:49:01.476Z", "user": 1, "content_type": 10, "object_id": "4c2a2703-c620-4aa7-9c2b-26b1ee1eb926", "object_repr": "\"Do Not Age\" advice", "action_flag": 1, "change_message": "[{\"added\": {}}]"}}, {"model": "admin.logentry", "pk": 9, "fields": {"action_time": "2022-05-30T13:49:04.619Z", "user": 1, "content_type": 10, "object_id": "a83eed29-5c59-4403-bc02-40e1731ceea1", "object_repr": "Test", "action_flag": 1, "change_message": "[{\"added\": {}}]"}}, {"model": "admin.logentry", "pk": 10, "fields": {"action_time": "2022-05-30T13:49:22.819Z", "user": 1, "content_type": 10, "object_id": "4c2a2703-c620-4aa7-9c2b-26b1ee1eb926", "object_repr": "test 2", "action_flag": 2, "change_message": "[{\"changed\": {\"fields\": [\"Title\"]}}]"}}, {"model": "admin.logentry", "pk": 11, "fields": {"action_time": "2022-05-30T13:50:13.967Z", "user": 1, "content_type": 10, "object_id": "7527b255-50d3-407e-a17d-364ab3ef9499", "object_repr": "Test 5", "action_flag": 1, "change_message": "[{\"added\": {}}]"}}, {"model": "admin.logentry", "pk": 12, "fields": {"action_time": "2022-05-30T13:51:26.730Z", "user": 1, "content_type": 10, "object_id": "289d0735-56ac-41fc-8e08-e668d60d5d9f", "object_repr": "Gökhan's Offer", "action_flag": 1, "change_message": "[{\"added\": {}}]"}}, {"model": "admin.logentry", "pk": 13, "fields": {"action_time": "2022-05-30T13:52:40.006Z", "user": 1, "content_type": 10, "object_id": "4c2a2703-c620-4aa7-9c2b-26b1ee1eb926", "object_repr": "test 2", "action_flag": 2, "change_message": "[{\"changed\": {\"fields\": [\"Latitude\", \"Longitude\", \"Location\", \"Tags\", \"Claims\", \"Photo\"]}}]"}}, {"model": "admin.logentry", "pk": 14, "fields": {"action_time": "2022-05-30T13:52:50.141Z", "user": 1, "content_type": 10, "object_id": "a83eed29-5c59-4403-bc02-40e1731ceea1", "object_repr": "Test", "action_flag": 2, "change_message": "[{\"changed\": {\"fields\": [\"Latitude\", \"Longitude\", \"Location\", \"Tags\", \"Claims\"]}}]"}}, {"model": "admin.logentry", "pk": 15, "fields": {"action_time": "2022-05-30T13:53:04.406Z", "user": 1, "content_type": 10, "object_id": "a83eed29-5c59-4403-bc02-40e1731ceea1", "object_repr": "Test", "action_flag": 2, "change_message": "[{\"changed\": {\"fields\": [\"Photo\"]}}]"}}, {"model": "admin.logentry", "pk": 16, "fields": {"action_time": "2022-05-30T13:53:04.819Z", "user": 1, "content_type": 10, "object_id": "7527b255-50d3-407e-a17d-364ab3ef9499", "object_repr": "Test 5", "action_flag": 3, "change_message": ""}}, {"model": "admin.logentry", "pk": 17, "fields": {"action_time": "2022-05-30T13:53:39.671Z", "user": 1, "content_type": 8, "object_id": "1", "object_repr": "costanza", "action_flag": 1, "change_message": "[{\"added\": {}}]"}}, {"model": "admin.logentry", "pk": 18, "fields": {"action_time": "2022-05-30T13:54:06.899Z", "user": 1, "content_type": 8, "object_id": "2", "object_repr": "newman", "action_flag": 1, "change_message": "[{\"added\": {}}]"}}, {"model": "admin.logentry", "pk": 19, "fields": {"action_time": "2022-05-30T13:54:25.149Z", "user": 1, "content_type": 8, "object_id": "3", "object_repr": "elaine", "action_flag": 1, "change_message": "[{\"added\": {}}]"}}, {"model": "admin.logentry", "pk": 20, "fields": {"action_time": "2022-05-30T13:54:54.812Z", "user": 1, "content_type": 8, "object_id": "4", "object_repr": "jerry", "action_flag": 1, "change_message": "[{\"added\": {}}]"}}, {"model": "admin.logentry", "pk": 21, "fields": {"action_time": "2022-05-30T13:58:53.488Z", "user": 1, "content_type": 8, "object_id": "3", "object_repr": "elaine", "action_flag": 2, "change_message": "[{\"changed\": {\"fields\": [\"UserDetails\", \"UserSkills\", \"UserInterests\", \"UserLocation\"]}}]"}}, {"model": "admin.logentry", "pk": 22, "fields": {"action_time": "2022-05-30T14:03:36.382Z", "user": 1, "content_type": 8, "object_id": "5", "object_repr": "admin", "action_flag": 1, "change_message": "[{\"added\": {}}]"}}, {"model": "admin.logentry", "pk": 23, "fields": {"action_time": "2022-05-30T14:05:11.672Z", "user": 1, "content_type": 8, "object_id": "2", "object_repr": "newman", "action_flag": 2, "change_message": "[{\"changed\": {\"fields\": [\"UserDetails\", \"UserSkills\", \"UserInterests\", \"UserLocation\", \"UserBadge\"]}}]"}}, {"model": "admin.logentry", "pk": 24, "fields": {"action_time": "2022-05-30T14:08:55.736Z", "user": 1, "content_type": 8, "object_id": "1", "object_repr": "costanza", "action_flag": 2, "change_message": "[{\"changed\": {\"fields\": [\"UserDetails\", \"UserSkills\", \"UserInterests\", \"UserLocation\", \"UserPicture\"]}}]"}}, {"model": "admin.logentry", "pk": 25, "fields": {"action_time": "2022-05-30T14:11:21.588Z", "user": 1, "content_type": 8, "object_id": "7", "object_repr": "lady_sofi", "action_flag": 2, "change_message": "[{\"changed\": {\"fields\": [\"UserDetails\", \"UserSkills\", \"UserInterests\", \"UserLocation\"]}}]"}}, {"model": "admin.logentry", "pk": 26, "fields": {"action_time": "2022-05-30T14:12:37.486Z", "user": 1, "content_type": 8, "object_id": "6", "object_repr": "kramer", "action_flag": 2, "change_message": "[{\"changed\": {\"fields\": [\"UserDetails\", \"UserSkills\", \"UserInterests\", \"UserLocation\"]}}]"}}, {"model": "admin.logentry", "pk": 27, "fields": {"action_time": "2022-05-30T14:14:38.511Z", "user": 1, "content_type": 4, "object_id": "5", "object_repr": "jerry", "action_flag": 2, "change_message": "[{\"changed\": {\"fields\": [\"Email address\"]}}]"}}, {"model": "admin.logentry", "pk": 28, "fields": {"action_time": "2022-05-30T14:15:08.574Z", "user": 1, "content_type": 4, "object_id": "7", "object_repr": "kramer", "action_flag": 2, "change_message": "[{\"changed\": {\"fields\": [\"First name\", \"Last name\", \"Email address\"]}}]"}}, {"model": "admin.logentry", "pk": 29, "fields": {"action_time": "2022-05-30T14:15:25.720Z", "user": 1, "content_type": 4, "object_id": "4", "object_repr": "lady_sofi", "action_flag": 2, "change_message": "[{\"changed\": {\"fields\": [\"First name\", \"Last name\", \"Email address\"]}}]"}}, {"model": "admin.logentry", "pk": 30, "fields": {"action_time": "2022-05-30T14:15:57.622Z", "user": 1, "content_type": 4, "object_id": "2", "object_repr": "costanza", "action_flag": 2, "change_message": "[{\"changed\": {\"fields\": [\"First name\", \"Last name\", \"Email address\"]}}]"}}, {"model": "admin.logentry", "pk": 31, "fields": {"action_time": "2022-05-30T14:16:19.681Z", "user": 1, "content_type": 4, "object_id": "3", "object_repr": "newman", "action_flag": 2, "change_message": "[{\"changed\": {\"fields\": [\"First name\", \"Last name\", \"Email address\"]}}]"}}, {"model": "admin.logentry", "pk": 32, "fields": {"action_time": "2022-05-30T14:16:34.123Z", "user": 1, "content_type": 4, "object_id": "1", "object_repr": "admin", "action_flag": 2, "change_message": "[{\"changed\": {\"fields\": [\"First name\", \"Last name\"]}}]"}}, {"model": "admin.logentry", "pk": 33, "fields": {"action_time": "2022-05-30T14:59:54.452Z", "user": 1, "content_type": 22, "object_id": "1", "object_repr": "CommunityBuilderBadge owned by jerry", "action_flag": 1, "change_message": "[{\"added\": {}}]"}}, {"model": "admin.logentry", "pk": 34, "fields": {"action_time": "2022-05-30T15:00:22.477Z", "user": 1, "content_type": 21, "object_id": "1", "object_repr": "GreatServiceProviderBadge owned by costanza", "action_flag": 1, "change_message": "[{\"added\": {}}]"}}, {"model": "admin.logentry", "pk": 35, "fields": {"action_time": "2022-05-30T15:00:50.315Z", "user": 1, "content_type": 20, "object_id": "1", "object_repr": "MasterEventOrganizerBadge owned by kramer", "action_flag": 1, "change_message": "[{\"added\": {}}]"}}, {"model": "admin.logentry", "pk": 36, "fields": {"action_time": "2022-05-30T15:01:20.480Z", "user": 1, "content_type": 19, "object_id": "6", "object_repr": "NewcomerBadge owned by kramer", "action_flag": 3, "change_message": ""}}, {"model": "admin.logentry", "pk": 37, "fields": {"action_time": "2022-05-30T15:01:20.482Z", "user": 1, "content_type": 19, "object_id": "4", "object_repr": "NewcomerBadge owned by jerry", "action_flag": 3, "change_message": ""}}, {"model": "admin.logentry", "pk": 38, "fields": {"action_time": "2022-05-30T15:01:20.484Z", "user": 1, "content_type": 19, "object_id": "2", "object_repr": "NewcomerBadge owned by newman", "action_flag": 3, "change_message": ""}}, {"model": "admin.logentry", "pk": 39, "fields": {"action_time": "2022-05-30T15:01:20.486Z", "user": 1, "content_type": 19, "object_id": "1", "object_repr": "NewcomerBadge owned by costanza", "action_flag": 3, "change_message": ""}}, {"model": "admin.logentry", "pk": 40, "fields": {"action_time": "2022-05-30T15:03:17.147Z", "user": 1, "content_type": 4, "object_id": "2", "object_repr": "costanza", "action_flag": 2, "change_message": "[{\"changed\": {\"fields\": [\"Date joined\"]}}]"}}, {"model": "admin.logentry", "pk": 41, "fields": {"action_time": "2022-05-30T15:03:52.592Z", "user": 1, "content_type": 4, "object_id": "5", "object_repr": "jerry", "action_flag": 2, "change_message": "[{\"changed\": {\"fields\": [\"Date joined\"]}}]"}}, {"model": "admin.logentry", "pk": 42, "fields": {"action_time": "2022-05-30T15:04:15.873Z", "user": 1, "content_type": 4, "object_id": "5", "object_repr": "jerry", "action_flag": 2, "change_message": "[{\"changed\": {\"fields\": [\"Last login\"]}}]"}}, {"model": "admin.logentry", "pk": 43, "fields": {"action_time": "2022-05-30T15:04:31.005Z", "user": 1, "content_type": 4, "object_id": "3", "object_repr": "newman", "action_flag": 2, "change_message": "[{\"changed\": {\"fields\": [\"Date joined\"]}}]"}}, {"model": "admin.logentry", "pk": 44, "fields": {"action_time": "2022-05-30T15:04:48.932Z", "user": 1, "content_type": 19, "object_id": "9", "object_repr": "NewcomerBadge owned by kramer", "action_flag": 3, "change_message": ""}}, {"model": "admin.logentry", "pk": 45, "fields": {"action_time": "2022-05-30T15:04:48.935Z", "user": 1, "content_type": 19, "object_id": "8", "object_repr": "NewcomerBadge owned by newman", "action_flag": 3, "change_message": ""}}, {"model": "admin.logentry", "pk": 46, "fields": {"action_time": "2022-05-30T15:04:48.936Z", "user": 1, "content_type": 19, "object_id": "5", "object_repr": "NewcomerBadge owned by admin", "action_flag": 3, "change_message": ""}}, {"model": "admin.logentry", "pk": 47, "fields": {"action_time": "2022-05-30T15:11:30.614Z", "user": 1, "content_type": 10, "object_id": "a83eed29-5c59-4403-bc02-40e1731ceea1", "object_repr": "Test", "action_flag": 3, "change_message": ""}}, {"model": "admin.logentry", "pk": 48, "fields": {"action_time": "2022-05-30T15:11:30.616Z", "user": 1, "content_type": 10, "object_id": "4c2a2703-c620-4aa7-9c2b-26b1ee1eb926", "object_repr": "test 2", "action_flag": 3, "change_message": ""}}, {"model": "admin.logentry", "pk": 49, "fields": {"action_time": "2022-05-30T15:11:30.617Z", "user": 1, "content_type": 10, "object_id": "289d0735-56ac-41fc-8e08-e668d60d5d9f", "object_repr": "Gökhan's Offer", "action_flag": 3, "change_message": ""}}, {"model": "admin.logentry", "pk": 50, "fields": {"action_time": "2022-05-30T15:40:57.104Z", "user": 1, "content_type": 10, "object_id": "2ccebeba-efd6-4344-a729-beba2e964ae3", "object_repr": "Become master of lie", "action_flag": 2, "change_message": "[{\"changed\": {\"fields\": [\"Latitude\", \"Longitude\", \"Start date\", \"End date\", \"Amendment deadline\"]}}]"}}, {"model": "admin.logentry", "pk": 51, "fields": {"action_time": "2022-06-02T17:15:06.283Z", "user": 1, "content_type": 4, "object_id": "4", "object_repr": "lady_sofi", "action_flag": 3, "change_message": ""}}, {"model": "admin.logentry", "pk": 52, "fields": {"action_time": "2022-06-02T17:22:18.318Z", "user": 1, "content_type": 10, "object_id": "3e204b67-dc3c-4ce6-a87d-4829e1a46072", "object_repr": "Lie about working", "action_flag": 3, "change_message": ""}}, {"model": "admin.logentry", "pk": 53, "fields": {"action_time": "2022-06-02T17:22:34.679Z", "user": 1, "content_type": 10, "object_id": "faf6adc0-da22-49c2-8bc8-ddbab549f5ad", "object_repr": "How to skip paying rents", "action_flag": 3, "change_message": ""}}, {"model": "admin.logentry", "pk": 54, "fields": {"action_time": "2022-06-02T17:22:48.980Z", "user": 1, "content_type": 10, "object_id": "f1c5fd0f-381b-4610-ab51-bf1d412fc948", "object_repr": "How to set a reverse peephole", "action_flag": 3, "change_message": ""}}, {"model": "admin.logentry", "pk": 55, "fields": {"action_time": "2022-06-02T17:23:32.318Z", "user": 1, "content_type": 10, "object_id": "d1e49c47-ae52-44ca-98e0-8a8d29f818b5", "object_repr": "Kill a guys during surgery", "action_flag": 3, "change_message": ""}}, {"model": "admin.logentry", "pk": 56, "fields": {"action_time": "2022-06-02T17:24:01.169Z", "user": 1, "content_type": 10, "object_id": "9a75dffe-4812-44e8-9b7c-29f430aafad4", "object_repr": "How to be charming", "action_flag": 3, "change_message": ""}}, {"model": "admin.logentry", "pk": 57, "fields": {"action_time": "2022-06-02T17:24:20.351Z", "user": 1, "content_type": 10, "object_id": "0b927dc9-a6cb-47a8-a133-9839586358b1", "object_repr": "Get first class seat with economy deal", "action_flag": 3, "change_message": ""}}, {"model": "admin.logentry", "pk": 58, "fields": {"action_time": "2022-06-02T17:24:24.914Z", "user": 1, "content_type": 10, "object_id": "1ac16e59-06b6-49fe-bae0-ef7717a7df39", "object_repr": "Poker Party", "action_flag": 3, "change_message": ""}}, {"model": "admin.logentry", "pk": 59, "fields": {"action_time": "2022-06-02T17:24:31.250Z", "user": 1, "content_type": 10, "object_id": "1aa35155-5422-4e3e-8a27-b4071caf3799", "object_repr": "How to get an intern for yourself for free", "action_flag": 3, "change_message": ""}}, {"model": "admin.logentry", "pk": 60, "fields": {"action_time": "2022-06-02T17:24:39.929Z", "user": 1, "content_type": 10, "object_id": "1ca38e58-0695-4b55-ad14-2150e79c0cca", "object_repr": "How to sense the bad seed", "action_flag": 3, "change_message": ""}}, {"model": "admin.logentry", "pk": 61, "fields": {"action_time": "2022-06-02T17:24:58.191Z", "user": 1, "content_type": 10, "object_id": "2ccebeba-efd6-4344-a729-beba2e964ae3", "object_repr": "Become master of lie", "action_flag": 3, "change_message": ""}}, {"model": "admin.logentry", "pk": 62, "fields": {"action_time": "2022-06-02T17:25:44.131Z", "user": 1, "content_type": 10, "object_id": "7426d71c-b4de-4fff-b14d-cbf5460766ee", "object_repr": "How to look busy at work", "action_flag": 3, "change_message": ""}}, {"model": "admin.logentry", "pk": 63, "fields": {"action_time": "2022-06-02T17:25:55.245Z", "user": 1, "content_type": 10, "object_id": "6c327650-e4d3-4425-a8ac-60d4c3c5bdbc", "object_repr": "How to lie on Poker", "action_flag": 3, "change_message": ""}}, {"model": "admin.logentry", "pk": 64, "fields": {"action_time": "2022-06-02T17:26:09.016Z", "user": 1, "content_type": 10, "object_id": "334b3f37-8cdf-4317-9578-ccf7c4f35fc7", "object_repr": "How to date a girl out of your league", "action_flag": 3, "change_message": ""}}, {"model": "admin.logentry", "pk": 65, "fields": {"action_time": "2022-06-02T17:26:33.411Z", "user": 1, "content_type": 10, "object_id": "57642b9b-6a9c-4407-a0c9-025d20ea2200", "object_repr": "\"Do Not Age\" advices", "action_flag": 3, "change_message": ""}}, {"model": "admin.logentry", "pk": 66, "fields": {"action_time": "2022-06-02T18:09:54.304Z", "user": 1, "content_type": 8, "object_id": "4", "object_repr": "jerry", "action_flag": 3, "change_message": ""}}, {"model": "admin.logentry", "pk": 67, "fields": {"action_time": "2022-06-02T18:10:10.298Z", "user": 1, "content_type": 4, "object_id": "5", "object_repr": "jerry", "action_flag": 3, "change_message": ""}}, {"model": "admin.logentry", "pk": 68, "fields": {"action_time": "2022-06-02T18:18:30.961Z", "user": 1, "content_type": 4, "object_id": "9", "object_repr": "jerry", "action_flag": 2, "change_message": "[{\"changed\": {\"fields\": [\"Date joined\"]}}]"}}, {"model": "admin.logentry", "pk": 69, "fields": {"action_time": "2022-06-02T18:19:31.009Z", "user": 1, "content_type": 22, "object_id": "2", "object_repr": "CommunityBuilderBadge owned by jerry", "action_flag": 1, "change_message": "[{\"added\": {}}]"}}, {"model": "admin.logentry", "pk": 70, "fields": {"action_time": "2022-06-02T18:20:08.648Z", "user": 1, "content_type": 19, "object_id": "13", "object_repr": "NewcomerBadge owned by jerry", "action_flag": 3, "change_message": ""}}, {"model": "admin.logentry", "pk": 71, "fields": {"action_time": "2022-06-02T18:20:08.650Z", "user": 1, "content_type": 19, "object_id": "11", "object_repr": "NewcomerBadge owned by admin", "action_flag": 3, "change_message": ""}}, {"model": "admin.logentry", "pk": 72, "fields": {"action_time": "2022-06-02T18:20:08.653Z", "user": 1, "content_type": 19, "object_id": "10", "object_repr": "NewcomerBadge owned by kramer", "action_flag": 3, "change_message": ""}}, {"model": "admin.logentry", "pk": 73, "fields": {"action_time": "2022-06-02T19:12:25.588Z", "user": 1, "content_type": 17, "object_id": "6", "object_repr": "6", "action_flag": 3, "change_message": ""}}, {"model": "admin.logentry", "pk": 74, "fields": {"action_time": "2022-06-02T19:12:36.740Z", "user": 1, "content_type": 18, "object_id": "3", "object_repr": "costanza", "action_flag": 1, "change_message": "[{\"added\": {}}]"}}, {"model": "admin.logentry", "pk": 75, "fields": {"action_time": "2022-06-02T19:12:46.599Z", "user": 1, "content_type": 18, "object_id": "4", "object_repr": "newman", "action_flag": 1, "change_message": "[{\"added\": {}}]"}}, {"model": "admin.logentry", "pk": 76, "fields": {"action_time": "2022-06-02T19:12:55.903Z", "user": 1, "content_type": 18, "object_id": "5", "object_repr": "kramer", "action_flag": 1, "change_message": "[{\"added\": {}}]"}}, {"model": "admin.logentry", "pk": 77, "fields": {"action_time": "2022-06-02T19:13:00.219Z", "user": 1, "content_type": 18, "object_id": "6", "object_repr": "jerry", "action_flag": 1, "change_message": "[{\"added\": {}}]"}}, {"model": "admin.logentry", "pk": 78, "fields": {"action_time": "2022-06-02T19:13:09.287Z", "user": 1, "content_type": 18, "object_id": "6", "object_repr": "jerry", "action_flag": 3, "change_message": ""}}, {"model": "admin.logentry", "pk": 79, "fields": {"action_time": "2022-06-02T19:13:15.477Z", "user": 1, "content_type": 18, "object_id": "7", "object_repr": "elaine", "action_flag": 1, "change_message": "[{\"added\": {}}]"}}, {"model": "admin.logentry", "pk": 80, "fields": {"action_time": "2022-06-02T19:13:44.165Z", "user": 1, "content_type": 17, "object_id": "5", "object_repr": "5", "action_flag": 3, "change_message": ""}}, {"model": "admin.logentry", "pk": 81, "fields": {"action_time": "2022-06-02T19:13:51.032Z", "user": 1, "content_type": 17, "object_id": "4", "object_repr": "4", "action_flag": 3, "change_message": ""}}, {"model": "admin.logentry", "pk": 82, "fields": {"action_time": "2022-06-02T19:14:00.487Z", "user": 1, "content_type": 17, "object_id": "3", "object_repr": "3", "action_flag": 3, "change_message": ""}}, {"model": "admin.logentry", "pk": 83, "fields": {"action_time": "2022-06-02T19:14:49.746Z", "user": 1, "content_type": 17, "object_id": "2", "object_repr": "2", "action_flag": 3, "change_message": ""}}, {"model": "auth.permission", "pk": 1, "fields": {"name": "Can add log entry", "content_type": 1, "codename": "add_logentry"}}, {"model": "auth.permission", "pk": 2, "fields": {"name": "Can change log entry", "content_type": 1, "codename": "change_logentry"}}, {"model": "auth.permission", "pk": 3, "fields": {"name": "Can delete log entry", "content_type": 1, "codename": "delete_logentry"}}, {"model": "auth.permission", "pk": 4, "fields": {"name": "Can view log entry", "content_type": 1, "codename": "view_logentry"}}, {"model": "auth.permission", "pk": 5, "fields": {"name": "Can add permission", "content_type": 2, "codename": "add_permission"}}, {"model": "auth.permission", "pk": 6, "fields": {"name": "Can change permission", "content_type": 2, "codename": "change_permission"}}, {"model": "auth.permission", "pk": 7, "fields": {"name": "Can delete permission", "content_type": 2, "codename": "delete_permission"}}, {"model": "auth.permission", "pk": 8, "fields": {"name": "Can view permission", "content_type": 2, "codename": "view_permission"}}, {"model": "auth.permission", "pk": 9, "fields": {"name": "Can add group", "content_type": 3, "codename": "add_group"}}, {"model": "auth.permission", "pk": 10, "fields": {"name": "Can change group", "content_type": 3, "codename": "change_group"}}, {"model": "auth.permission", "pk": 11, "fields": {"name": "Can delete group", "content_type": 3, "codename": "delete_group"}}, {"model": "auth.permission", "pk": 12, "fields": {"name": "Can view group", "content_type": 3, "codename": "view_group"}}, {"model": "auth.permission", "pk": 13, "fields": {"name": "Can add user", "content_type": 4, "codename": "add_user"}}, {"model": "auth.permission", "pk": 14, "fields": {"name": "Can change user", "content_type": 4, "codename": "change_user"}}, {"model": "auth.permission", "pk": 15, "fields": {"name": "Can delete user", "content_type": 4, "codename": "delete_user"}}, {"model": "auth.permission", "pk": 16, "fields": {"name": "Can view user", "content_type": 4, "codename": "view_user"}}, {"model": "auth.permission", "pk": 17, "fields": {"name": "Can add content type", "content_type": 5, "codename": "add_contenttype"}}, {"model": "auth.permission", "pk": 18, "fields": {"name": "Can change content type", "content_type": 5, "codename": "change_contenttype"}}, {"model": "auth.permission", "pk": 19, "fields": {"name": "Can delete content type", "content_type": 5, "codename": "delete_contenttype"}}, {"model": "auth.permission", "pk": 20, "fields": {"name": "Can view content type", "content_type": 5, "codename": "view_contenttype"}}, {"model": "auth.permission", "pk": 21, "fields": {"name": "Can add session", "content_type": 6, "codename": "add_session"}}, {"model": "auth.permission", "pk": 22, "fields": {"name": "Can change session", "content_type": 6, "codename": "change_session"}}, {"model": "auth.permission", "pk": 23, "fields": {"name": "Can delete session", "content_type": 6, "codename": "delete_session"}}, {"model": "auth.permission", "pk": 24, "fields": {"name": "Can view session", "content_type": 6, "codename": "view_session"}}, {"model": "auth.permission", "pk": 25, "fields": {"name": "Can add site", "content_type": 7, "codename": "add_site"}}, {"model": "auth.permission", "pk": 26, "fields": {"name": "Can change site", "content_type": 7, "codename": "change_site"}}, {"model": "auth.permission", "pk": 27, "fields": {"name": "Can delete site", "content_type": 7, "codename": "delete_site"}}, {"model": "auth.permission", "pk": 28, "fields": {"name": "Can view site", "content_type": 7, "codename": "view_site"}}, {"model": "auth.permission", "pk": 29, "fields": {"name": "Can add profile", "content_type": 8, "codename": "add_profile"}}, {"model": "auth.permission", "pk": 30, "fields": {"name": "Can change profile", "content_type": 8, "codename": "change_profile"}}, {"model": "auth.permission", "pk": 31, "fields": {"name": "Can delete profile", "content_type": 8, "codename": "delete_profile"}}, {"model": "auth.permission", "pk": 32, "fields": {"name": "Can view profile", "content_type": 8, "codename": "view_profile"}}, {"model": "auth.permission", "pk": 33, "fields": {"name": "Can add owner", "content_type": 9, "codename": "add_owner"}}, {"model": "auth.permission", "pk": 34, "fields": {"name": "Can change owner", "content_type": 9, "codename": "change_owner"}}, {"model": "auth.permission", "pk": 35, "fields": {"name": "Can delete owner", "content_type": 9, "codename": "delete_owner"}}, {"model": "auth.permission", "pk": 36, "fields": {"name": "Can view owner", "content_type": 9, "codename": "view_owner"}}, {"model": "auth.permission", "pk": 37, "fields": {"name": "Can add offer", "content_type": 10, "codename": "add_offer"}}, {"model": "auth.permission", "pk": 38, "fields": {"name": "Can change offer", "content_type": 10, "codename": "change_offer"}}, {"model": "auth.permission", "pk": 39, "fields": {"name": "Can delete offer", "content_type": 10, "codename": "delete_offer"}}, {"model": "auth.permission", "pk": 40, "fields": {"name": "Can view offer", "content_type": 10, "codename": "view_offer"}}, {"model": "auth.permission", "pk": 41, "fields": {"name": "Can add action", "content_type": 11, "codename": "add_action"}}, {"model": "auth.permission", "pk": 42, "fields": {"name": "Can change action", "content_type": 11, "codename": "change_action"}}, {"model": "auth.permission", "pk": 43, "fields": {"name": "Can delete action", "content_type": 11, "codename": "delete_action"}}, {"model": "auth.permission", "pk": 44, "fields": {"name": "Can view action", "content_type": 11, "codename": "view_action"}}, {"model": "auth.permission", "pk": 45, "fields": {"name": "Can add follow", "content_type": 12, "codename": "add_follow"}}, {"model": "auth.permission", "pk": 46, "fields": {"name": "Can change follow", "content_type": 12, "codename": "change_follow"}}, {"model": "auth.permission", "pk": 47, "fields": {"name": "Can delete follow", "content_type": 12, "codename": "delete_follow"}}, {"model": "auth.permission", "pk": 48, "fields": {"name": "Can view follow", "content_type": 12, "codename": "view_follow"}}, {"model": "auth.permission", "pk": 49, "fields": {"name": "Can add application", "content_type": 13, "codename": "add_application"}}, {"model": "auth.permission", "pk": 50, "fields": {"name": "Can change application", "content_type": 13, "codename": "change_application"}}, {"model": "auth.permission", "pk": 51, "fields": {"name": "Can delete application", "content_type": 13, "codename": "delete_application"}}, {"model": "auth.permission", "pk": 52, "fields": {"name": "Can view application", "content_type": 13, "codename": "view_application"}}, {"model": "auth.permission", "pk": 53, "fields": {"name": "Can add assignment", "content_type": 14, "codename": "add_assignment"}}, {"model": "auth.permission", "pk": 54, "fields": {"name": "Can change assignment", "content_type": 14, "codename": "change_assignment"}}, {"model": "auth.permission", "pk": 55, "fields": {"name": "Can delete assignment", "content_type": 14, "codename": "delete_assignment"}}, {"model": "auth.permission", "pk": 56, "fields": {"name": "Can view assignment", "content_type": 14, "codename": "view_assignment"}}, {"model": "auth.permission", "pk": 57, "fields": {"name": "Can add notification", "content_type": 15, "codename": "add_notification"}}, {"model": "auth.permission", "pk": 58, "fields": {"name": "Can change notification", "content_type": 15, "codename": "change_notification"}}, {"model": "auth.permission", "pk": 59, "fields": {"name": "Can delete notification", "content_type": 15, "codename": "delete_notification"}}, {"model": "auth.permission", "pk": 60, "fields": {"name": "Can view notification", "content_type": 15, "codename": "view_notification"}}, {"model": "auth.permission", "pk": 61, "fields": {"name": "Can add feedback", "content_type": 16, "codename": "add_feedback"}}, {"model": "auth.permission", "pk": 62, "fields": {"name": "Can change feedback", "content_type": 16, "codename": "change_feedback"}}, {"model": "auth.permission", "pk": 63, "fields": {"name": "Can delete feedback", "content_type": 16, "codename": "delete_feedback"}}, {"model": "auth.permission", "pk": 64, "fields": {"name": "Can view feedback", "content_type": 16, "codename": "view_feedback"}}, {"model": "auth.permission", "pk": 65, "fields": {"name": "Can add user message", "content_type": 17, "codename": "add_usermessage"}}, {"model": "auth.permission", "pk": 66, "fields": {"name": "Can change user message", "content_type": 17, "codename": "change_usermessage"}}, {"model": "auth.permission", "pk": 67, "fields": {"name": "Can delete user message", "content_type": 17, "codename": "delete_usermessage"}}, {"model": "auth.permission", "pk": 68, "fields": {"name": "Can view user message", "content_type": 17, "codename": "view_usermessage"}}, {"model": "auth.permission", "pk": 69, "fields": {"name": "Can add user inbox", "content_type": 18, "codename": "add_userinbox"}}, {"model": "auth.permission", "pk": 70, "fields": {"name": "Can change user inbox", "content_type": 18, "codename": "change_userinbox"}}, {"model": "auth.permission", "pk": 71, "fields": {"name": "Can delete user inbox", "content_type": 18, "codename": "delete_userinbox"}}, {"model": "auth.permission", "pk": 72, "fields": {"name": "Can view user inbox", "content_type": 18, "codename": "view_userinbox"}}, {"model": "auth.permission", "pk": 73, "fields": {"name": "Can add newcomer badge", "content_type": 19, "codename": "add_newcomerbadge"}}, {"model": "auth.permission", "pk": 74, "fields": {"name": "Can change newcomer badge", "content_type": 19, "codename": "change_newcomerbadge"}}, {"model": "auth.permission", "pk": 75, "fields": {"name": "Can delete newcomer badge", "content_type": 19, "codename": "delete_newcomerbadge"}}, {"model": "auth.permission", "pk": 76, "fields": {"name": "Can view newcomer badge", "content_type": 19, "codename": "view_newcomerbadge"}}, {"model": "auth.permission", "pk": 77, "fields": {"name": "Can add master event organizer badge", "content_type": 20, "codename": "add_mastereventorganizerbadge"}}, {"model": "auth.permission", "pk": 78, "fields": {"name": "Can change master event organizer badge", "content_type": 20, "codename": "change_mastereventorganizerbadge"}}, {"model": "auth.permission", "pk": 79, "fields": {"name": "Can delete master event organizer badge", "content_type": 20, "codename": "delete_mastereventorganizerbadge"}}, {"model": "auth.permission", "pk": 80, "fields": {"name": "Can view master event organizer badge", "content_type": 20, "codename": "view_mastereventorganizerbadge"}}, {"model": "auth.permission", "pk": 81, "fields": {"name": "Can add great service provider badge", "content_type": 21, "codename": "add_greatserviceproviderbadge"}}, {"model": "auth.permission", "pk": 82, "fields": {"name": "Can change great service provider badge", "content_type": 21, "codename": "change_greatserviceproviderbadge"}}, {"model": "auth.permission", "pk": 83, "fields": {"name": "Can delete great service provider badge", "content_type": 21, "codename": "delete_greatserviceproviderbadge"}}, {"model": "auth.permission", "pk": 84, "fields": {"name": "Can view great service provider badge", "content_type": 21, "codename": "view_greatserviceproviderbadge"}}, {"model": "auth.permission", "pk": 85, "fields": {"name": "Can add community builder badge", "content_type": 22, "codename": "add_communitybuilderbadge"}}, {"model": "auth.permission", "pk": 86, "fields": {"name": "Can change community builder badge", "content_type": 22, "codename": "change_communitybuilderbadge"}}, {"model": "auth.permission", "pk": 87, "fields": {"name": "Can delete community builder badge", "content_type": 22, "codename": "delete_communitybuilderbadge"}}, {"model": "auth.permission", "pk": 88, "fields": {"name": "Can view community builder badge", "content_type": 22, "codename": "view_communitybuilderbadge"}}, {"model": "auth.user", "pk": 1, "fields": {"password": "pbkdf2_sha256$260000$ET00ymsKg0MzEU89CpbhnA$dFC3xSf1+VKGVMK0pjk9cx6y4RSh9xlvqfionpAqalM=", "last_login": "2022-06-02T19:11:46.953Z", "is_superuser": true, "username": "admin", "first_name": "SWE", "last_name": "Dewarriors", "email": "admin@admin.com", "is_staff": true, "is_active": true, "date_joined": "2022-05-30T13:36:50Z", "groups": [], "user_permissions": []}}, {"model": "auth.user", "pk": 2, "fields": {"password": "pbkdf2_sha256$260000$c8dk6GOCdomqqHUUKsO5tQ$Niyc+DxF3CGgLsItqieiHJHpGrqZpBoGCuEUPvOEeJE=", "last_login": "2022-06-02T19:39:48.606Z", "is_superuser": false, "username": "costanza", "first_name": "George", "last_name": "Costanza", "email": "gc@sharity.com", "is_staff": false, "is_active": true, "date_joined": "2022-04-03T13:42:14Z", "groups": [], "user_permissions": []}}, {"model": "auth.user", "pk": 3, "fields": {"password": "pbkdf2_sha256$260000$z5dFcccDLHhIGP1MeVStSs$7UWfzNPNdoNoiw+RkmLA4pSBpSkVT+bMuxMiYE8I470=", "last_login": "2022-06-02T19:38:12.745Z", "is_superuser": false, "username": "newman", "first_name": "Mr", "last_name": "Newman", "email": "mn@sharity.com", "is_staff": false, "is_active": true, "date_joined": "2022-04-03T13:42:19Z", "groups": [], "user_permissions": []}}, {"model": "auth.user", "pk": 6, "fields": {"password": "pbkdf2_sha256$260000$mJMbVjkk8Z9ElYwnpRVdzq$5DQlQGAwnrgLuG3MtOTR5AFacJeuZxnxPPD775q05P4=", "last_login": "2022-06-02T19:19:34.339Z", "is_superuser": false, "username": "elaine", "first_name": "Elaine", "last_name": "Benes", "email": "Elaine@mail.com", "is_staff": false, "is_active": true, "date_joined": "2022-05-30T13:42:58.361Z", "groups": [], "user_permissions": []}}, {"model": "auth.user", "pk": 7, "fields": {"password": "pbkdf2_sha256$260000$aR7nnLuahP1VDzSn5ItQQM$2iLu61YYLII4Q0FIMb0x8iAZCZQvpruhzE9S/7O9gYM=", "last_login": "2022-06-02T16:55:46.841Z", "is_superuser": false, "username": "kramer", "first_name": "Cosmo", "last_name": "Kramer", "email": "ck@sharity.com", "is_staff": false, "is_active": true, "date_joined": "2022-05-30T13:43:17Z", "groups": [], "user_permissions": []}}, {"model": "auth.user", "pk": 8, "fields": {"password": "pbkdf2_sha256$260000$xm9DDDay2O9zZGhtdUVDgu$kvagOOsxofNWmdB0aBUMIOdOMi9b7qhEWDP+RR3Yh/U=", "last_login": "2022-06-02T16:45:47.429Z", "is_superuser": false, "username": "fatma.gures", "first_name": "Fatma Betül", "last_name": "Güreş", "email": "fatma.betul.gures@gmail.com", "is_staff": false, "is_active": true, "date_joined": "2022-06-02T16:45:47.203Z", "groups": [], "user_permissions": []}}, {"model": "auth.user", "pk": 9, "fields": {"password": "pbkdf2_sha256$260000$UWLGKgzvwTegV8FvLfDRMX$G6CSraH/Fk9jBYZXWClbEF8AzJYcY9KAzvHBFESBLyk=", "last_login": "2022-06-02T18:11:52Z", "is_superuser": false, "username": "jerry", "first_name": "Jerry", "last_name": "Seinfeld", "email": "jerry@gmail.com", "is_staff": false, "is_active": true, "date_joined": "2022-04-03T18:11:52Z", "groups": [], "user_permissions": []}}, {"model": "contenttypes.contenttype", "pk": 1, "fields": {"app_label": "admin", "model": "logentry"}}, {"model": "contenttypes.contenttype", "pk": 2, "fields": {"app_label": "auth", "model": "permission"}}, {"model": "contenttypes.contenttype", "pk": 3, "fields": {"app_label": "auth", "model": "group"}}, {"model": "contenttypes.contenttype", "pk": 4, "fields": {"app_label": "auth", "model": "user"}}, {"model": "contenttypes.contenttype", "pk": 5, "fields": {"app_label": "contenttypes", "model": "contenttype"}}, {"model": "contenttypes.contenttype", "pk": 6, "fields": {"app_label": "sessions", "model": "session"}}, {"model": "contenttypes.contenttype", "pk": 7, "fields": {"app_label": "sites", "model": "site"}}, {"model": "contenttypes.contenttype", "pk": 8, "fields": {"app_label": "member", "model": "profile"}}, {"model": "contenttypes.contenttype", "pk": 9, "fields": {"app_label": "member", "model": "owner"}}, {"model": "contenttypes.contenttype", "pk": 10, "fields": {"app_label": "offers", "model": "offer"}}, {"model": "contenttypes.contenttype", "pk": 11, "fields": {"app_label": "actstream", "model": "action"}}, {"model": "contenttypes.contenttype", "pk": 12, "fields": {"app_label": "actstream", "model": "follow"}}, {"model": "contenttypes.contenttype", "pk": 13, "fields": {"app_label": "apply", "model": "application"}}, {"model": "contenttypes.contenttype", "pk": 14, "fields": {"app_label": "assign", "model": "assignment"}}, {"model": "contenttypes.contenttype", "pk": 15, "fields": {"app_label": "notification", "model": "notification"}}, {"model": "contenttypes.contenttype", "pk": 16, "fields": {"app_label": "feedback", "model": "feedback"}}, {"model": "contenttypes.contenttype", "pk": 17, "fields": {"app_label": "usermessages", "model": "usermessage"}}, {"model": "contenttypes.contenttype", "pk": 18, "fields": {"app_label": "usermessages", "model": "userinbox"}}, {"model": "contenttypes.contenttype", "pk": 19, "fields": {"app_label": "badges", "model": "newcomerbadge"}}, {"model": "contenttypes.contenttype", "pk": 20, "fields": {"app_label": "badges", "model": "mastereventorganizerbadge"}}, {"model": "contenttypes.contenttype", "pk": 21, "fields": {"app_label": "badges", "model": "greatserviceproviderbadge"}}, {"model": "contenttypes.contenttype", "pk": 22, "fields": {"app_label": "badges", "model": "communitybuilderbadge"}}, {"model": "sessions.session", "pk": "2dodhjyi1l1wipdwdd20pf5f9571qdyz", "fields": {"session_data": ".eJxVjDsOwjAQBe_iGllrZddZU9JzBsufNQ4gR4qTCnF3iJQC2jcz76V82Nbqty6Ln7I6K1Sn3y2G9JC2g3wP7TbrNLd1maLeFX3Qrq9zluflcP8Oauj1W4stbMAQDJHSyBAtOyK0YjjJWFAGm5BZskMXLCIAulwAyQg4ykm9P8D5Nv4:1nvhO1:9VcfxlLk1B7ghsZXiks6BNPGvke7JGTfXewfpWm5-uk", "expire_date": "2022-06-13T15:32:53.304Z"}}, {"model": "sessions.session", "pk": "2ldbtdyzvlga86mxfnj0xe9xea7cwc3n", "fields": {"session_data": ".eJxVjEEOwiAQRe_C2hAKCIxL9z0DGZhRqgaS0q6Md7dNutDtf-_9t4i4LiWunec4kbiIQZx-t4T5yXUH9MB6bzK3usxTkrsiD9rl2Ihf18P9OyjYy1Znj9lZJgBjArF1bMCzJQ0KONwQGPzgAkKwECh4lYBQb6o6G9KaxecL5wk3qw:1nvft5:oDtG76aewNGrgniehH37agmefgenjoadyXufQE27pP8", "expire_date": "2022-06-13T13:56:51.741Z"}}, {"model": "sessions.session", "pk": "3ihwhnd43n93jr46az8qsqnfx8q7tqvr", "fields": {"session_data": ".eJxVjEEOwiAQRe_C2hAKCIxL9z0DGZhRqgaS0q6Md7dNutDtf-_9t4i4LiWunec4kbiIQZx-t4T5yXUH9MB6bzK3usxTkrsiD9rl2Ihf18P9OyjYy1Znj9lZJgBjArF1bMCzJQ0KONwQGPzgAkKwECh4lYBQb6o6G9KaxecL5wk3qw:1nvfa5:y2qnxbEciDynQfeZfHp7OF8sj2ewtrin5VAEvd2i1sk", "expire_date": "2022-06-13T13:37:13.779Z"}}, {"model": "sessions.session", "pk": "42wrshw24rm8g727ywpjsqt0iujzt3s7", "fields": {"session_data": ".eJxVjDkOwjAUBe_iGlle8EZJzxmsvzg4gBwpTirE3ZGlFNC-mXlvkWHfat57WfPM4iK8OP1uCPQsbQB-QLsvkpa2rTPKociDdnlbuLyuh_t3UKHXUZNja6egHOBZaUgUEpqAjjHaGJk9hkkb42wkLKTIY3EOLBD5ZLQWny_4NDhZ:1nwock:8-IawpGF0a-DTK-Y75iCEnXb4EzERPVBj0iiJ06djg4", "expire_date": "2022-06-16T17:28:42.335Z"}}, {"model": "sessions.session", "pk": "bwrogrg5g4817t6qfbbl8ee4x03jmnt0", "fields": {"session_data": ".eJxVjDsOwyAQRO9CHSHEn5Tpcwa0LEtwEoFk7MrK3WNLLpJminlvZmMR1qXGddAcp8yuzLDLb5cAX9QOkJ_QHp1jb8s8JX4o_KSD33um9-10_w4qjLqvPRQQNoegBIJS2hVrApCV0mBxQmmSvrgETmgNe2JIXhQknZO0wSD7fAHkNTgJ:1nvjFr:sdc9Rvs9sqldcwGitbMplv-OAix-ac1knS2dMccr4gg", "expire_date": "2022-06-13T17:32:35.664Z"}}, {"model": "sessions.session", "pk": "diagie72jpjknynhmhk3kfh3xct8ir3k", "fields": {"session_data": ".eJxVjEEOwiAQRe_C2hAKCIxL9z0DGZhRqgaS0q6Md7dNutDtf-_9t4i4LiWunec4kbiIQZx-t4T5yXUH9MB6bzK3usxTkrsiD9rl2Ihf18P9OyjYy1Znj9lZJgBjArF1bMCzJQ0KONwQGPzgAkKwECh4lYBQb6o6G9KaxecL5wk3qw:1nvhTo:DZ-U2gAW7iUAreVeDqyDzIME9-zYdwaZJQ2gDy6106E", "expire_date": "2022-06-13T15:38:52.414Z"}}, {"model": "sessions.session", "pk": "dny0c77j5vv2goqm78mji8vy4xp9lm9v", "fields": {"session_data": ".eJxVjEEOwiAQRe_C2hAKCIxL9z0DGZhRqgaS0q6Md7dNutDtf-_9t4i4LiWunec4kbiIQZx-t4T5yXUH9MB6bzK3usxTkrsiD9rl2Ihf18P9OyjYy1Znj9lZJgBjArF1bMCzJQ0KONwQGPzgAkKwECh4lYBQb6o6G9KaxecL5wk3qw:1nvfZu:bsT3g6-RWRjVHM2VS09LvgtOOdellBnGY1w_5rtsp5Q", "expire_date": "2022-06-13T13:37:02.355Z"}}, {"model": "sessions.session", "pk": "iggw3t9ijmfd5k77r48bipkidgl5ejb4", "fields": {"session_data": ".eJxVjEEOwiAQRe_C2hAKCIxL9z0DGZhRqgaS0q6Md7dNutDtf-_9t4i4LiWunec4kbiIQZx-t4T5yXUH9MB6bzK3usxTkrsiD9rl2Ihf18P9OyjYy1Znj9lZJgBjArF1bMCzJQ0KONwQGPzgAkKwECh4lYBQb6o6G9KaxecL5wk3qw:1nwoUl:nYWS9FwXml0q3ZTFYiJDHUjzukPQc-zg1_CUlAgohGc", "expire_date": "2022-06-16T17:20:27.127Z"}}, {"model": "sessions.session", "pk": "k7ahn67tbekakrvuu4sno9ivycsfgpvj", "fields": {"session_data": ".eJxVjDsOwyAQRO9CHSHEn5Tpcwa0LEtwEoFk7MrK3WNLLpJminlvZmMR1qXGddAcp8yuzLDLb5cAX9QOkJ_QHp1jb8s8JX4o_KSD33um9-10_w4qjLqvPRQQNoegBIJS2hVrApCV0mBxQmmSvrgETmgNe2JIXhQknZO0wSD7fAHkNTgJ:1nvhGf:UcWNhBObsAxCSB9W5BB8eoo1mZEKpEUCjxkOsogiw4w", "expire_date": "2022-06-13T15:25:17.379Z"}}, {"model": "sessions.session", "pk": "kxsz1lhvieimjqgcbs8txj2rhjm129um", "fields": {"session_data": ".eJxVjDEOwjAMAP-SGUWO3SaEkZ03VE7skAJqpaadEH9HlTrAene6txl4W-uwNV2GUczFkDn9ssT5qdMu5MHTfbZ5ntZlTHZP7GGbvc2ir-vR_g0qt7pvlV2IKIAeoUBf3BnYE4L24nNwTOQ7jCpUsCOKAYI6ByIOS0wJzOcLtpY2xA:1nviwC:xbjbSUbH1cL-Heg9ViBg_3uNdYcce16HZsNHq97OLHY", "expire_date": "2022-06-13T17:12:16.438Z"}}, {"model": "sessions.session", "pk": "lf96hb87xj1u56a1we4djm4ost7tgrxv", "fields": {"session_data": ".eJxVjEEOwiAQRe_C2hAKCIxL9z0DGZhRqgaS0q6Md7dNutDtf-_9t4i4LiWunec4kbiIQZx-t4T5yXUH9MB6bzK3usxTkrsiD9rl2Ihf18P9OyjYy1Znj9lZJgBjArF1bMCzJQ0KONwQGPzgAkKwECh4lYBQb6o6G9KaxecL5wk3qw:1nw7Fa:VvHtnQIZ1tECodOeh8lyglafcs1asVTgx_jfZgE1MCU", "expire_date": "2022-06-14T19:09:54.428Z"}}, {"model": "sessions.session", "pk": "ore53z5qnufoh3av6mlcasnynmrpau80", "fields": {"session_data": ".eJxVjDsOwjAQBe_iGlmxk_WHkp4zROvdNQ4gW8qnQtwdIqWA9s3Me6kRt7WM2yLzOLE6K6tOv1tCekjdAd-x3pqmVtd5SnpX9EEXfW0sz8vh_h0UXMq3pt5ZHnKORBmjADOTExAxXXCMHiJ34D30LplBIuRgbQDJ5A2HgEa9PxFMOIU:1nwqfc:bntA8ib17A91W3LOyX3FAjGMU0NGIhdYmBr_DlV20U0", "expire_date": "2022-06-16T19:39:48.608Z"}}, {"model": "sessions.session", "pk": "tp0bk486cn6b0jldz667chbcpw6fesoj", "fields": {"session_data": ".eJxVjDkOwjAUBe_iGlle8EZJzxmsvzg4gBwpTirE3ZGlFNC-mXlvkWHfat57WfPM4iK8OP1uCPQsbQB-QLsvkpa2rTPKociDdnlbuLyuh_t3UKHXUZNja6egHOBZaUgUEpqAjjHaGJk9hkkb42wkLKTIY3EOLBD5ZLQWny_4NDhZ:1nvfsk:EtvA1i1izOnS3XvijjKuKFN8Tj8S99ZhWYbsDih7ZHA", "expire_date": "2022-06-13T13:56:30.753Z"}}, {"model": "sessions.session", "pk": "u74uwxxwbweannstmxpaaa0m333ruh7p", "fields": {"session_data": ".eJxVjEEOwiAQRe_C2hAKCIxL9z0DGZhRqgaS0q6Md7dNutDtf-_9t4i4LiWunec4kbiIQZx-t4T5yXUH9MB6bzK3usxTkrsiD9rl2Ihf18P9OyjYy1Znj9lZJgBjArF1bMCzJQ0KONwQGPzgAkKwECh4lYBQb6o6G9KaxecL5wk3qw:1nvftc:hIf-EusvdKO1xVImKv2lo6EnMFO6e6Id_ayQQcLr_kU", "expire_date": "2022-06-13T13:57:24.206Z"}}, {"model": "sessions.session", "pk": "uhxi6caknva1gx4o4do7t5pmbwsv31j4", "fields": {"session_data": ".eJxVjEEOwiAQRe_C2hBghFKX7nsGMsMMUjVtUtqV8e7apAvd_vfef6mE21rT1mRJI6uL6tTpdyPMD5l2wHecbrPO87QuI-ld0QdtephZntfD_Tuo2Oq39kJCnmzuAAJLKLkwGQtGzjG7wD0GzliMddD74KK3BBEYBYyPXqJ6fwAJwjgw:1nwnvm:qaemPNz3O6OrRWNjvMtcLoOpKKl0hz-ix3tOEYyTSBM", "expire_date": "2022-06-16T16:44:18.304Z"}}, {"model": "sessions.session", "pk": "uldbil17z0x1myhrdd929x93btpgr790", "fields": {"session_data": ".eJxVjEEOwiAQRe_C2hAKCIxL9z0DGZhRqgaS0q6Md7dNutDtf-_9t4i4LiWunec4kbiIQZx-t4T5yXUH9MB6bzK3usxTkrsiD9rl2Ihf18P9OyjYy1Znj9lZJgBjArF1bMCzJQ0KONwQGPzgAkKwECh4lYBQb6o6G9KaxecL5wk3qw:1nvfZs:CmOk9wGYTCat5W5-A4HjAO66dAG0KQVf_wNwNUsihJE", "expire_date": "2022-06-13T13:37:00.477Z"}}, {"model": "sites.site", "pk": 1, "fields": {"domain": "example.com", "name": "example.com"}}, {"model": "member.profile", "pk": 1, "fields": {"user": 2, "userType": "user", "userReputation": "0.00", "creditAmount": 5, "userDetails": "    I am a not a liar  ", "userSkills": "[{\"id\":\"Q4925193\",\"title\":\"Q4925193\",\"pageid\":4706051,\"display\":{\"label\":{\"value\":\"lie\",\"language\":\"en\"},\"description\":{\"value\":\"intentionally false statement to a person or group made by another person or group who knows it is not wholly the truth\",\"language\":\"en\"}},\"repository\":\"wikidata\",\"url\":\"//www.wikidata.org/wiki/Q4925193\",\"concepturi\":\"http://www.wikidata.org/entity/Q4925193\",\"label\":\"lie\",\"description\":\"intentionally false statement to a person or group made by another person or group who knows it is not wholly the truth\",\"match\":{\"type\":\"alias\",\"language\":\"en\",\"text\":\"lying\"},\"aliases\":[\"lying\"]},{\"id\":\"Q2268776\",\"title\":\"Q2268776\",\"pageid\":2191405,\"display\":{\"label\":{\"value\":\"lying\",\"language\":\"en\"},\"description\":{\"value\":\"human position in which the body is more or less horizontal and supported along its length by the surface underneath\",\"language\":\"en\"}},\"repository\":\"wikidata\",\"url\":\"//www.wikidata.org/wiki/Q2268776\",\"concepturi\":\"http://www.wikidata.org/entity/Q2268776\",\"label\":\"lying\",\"description\":\"human position in which the body is more or less horizontal and supported along its length by the surface underneath\",\"match\":{\"type\":\"label\",\"language\":\"en\",\"text\":\"lying\"}},{\"id\":\"Q52946\",\"title\":\"Q52946\",\"pageid\":55301,\"display\":{\"label\":{\"value\":\"speech\",\"language\":\"en\"},\"description\":{\"value\":\"human vocal communication using spoken language\",\"language\":\"en\"}},\"repository\":\"wikidata\",\"url\":\"//www.wikidata.org/wiki/Q52946\",\"concepturi\":\"http://www.wikidata.org/entity/Q52946\",\"label\":\"speech\",\"description\":\"human vocal communication using spoken language\",\"match\":{\"type\":\"alias\",\"language\":\"en\",\"text\":\"talking\"},\"aliases\":[\"talking\"]},{\"id\":\"Q19888684\",\"title\":\"Q19888684\",\"pageid\":21532262,\"display\":{\"label\":{\"value\":\"Talking\",\"language\":\"en\"},\"description\":{\"value\":\"painting by Philip Guston\",\"language\":\"en\"}},\"repository\":\"wikidata\",\"url\":\"//www.wikidata.org/wiki/Q19888684\",\"concepturi\":\"http://www.wikidata.org/entity/Q19888684\",\"label\":\"Talking\",\"description\":\"painting by Philip Guston\",\"match\":{\"type\":\"label\",\"language\":\"en\",\"text\":\"Talking\"}}]", "userInterests": "[{\"id\":\"Q5369\",\"title\":\"Q5369\",\"pageid\":6312,\"display\":{\"label\":{\"value\":\"baseball\",\"language\":\"en\"},\"description\":{\"value\":\"American-originated sport in which teams compete to score runs by hitting a thrown ball and advancing around bases\",\"language\":\"en\"}},\"repository\":\"wikidata\",\"url\":\"//www.wikidata.org/wiki/Q5369\",\"concepturi\":\"http://www.wikidata.org/entity/Q5369\",\"label\":\"baseball\",\"description\":\"American-originated sport in which teams compete to score runs by hitting a thrown ball and advancing around bases\",\"match\":{\"type\":\"label\",\"language\":\"en\",\"text\":\"baseball\"}}]", "userLocation": "{\"address_components\":[{\"long_name\":\"5-2\",\"short_name\":\"5-2\",\"types\":[\"street_number\"]},{\"long_name\":\"Antalya Caddesi\",\"short_name\":\"Antalya Cd.\",\"types\":[\"route\"]},{\"long_name\":\"Mehmet Akif Ersoy\",\"short_name\":\"Mehmet Akif Ersoy\",\"types\":[\"administrative_area_level_4\",\"political\"]},{\"long_name\":\"Üsküdar\",\"short_name\":\"Üsküdar\",\"types\":[\"administrative_area_level_2\",\"political\"]},{\"long_name\":\"İstanbul\",\"short_name\":\"İstanbul\",\"types\":[\"administrative_area_level_1\",\"political\"]},{\"long_name\":\"Turkey\",\"short_name\":\"TR\",\"types\":[\"country\",\"political\"]},{\"long_name\":\"34682\",\"short_name\":\"34682\",\"types\":[\"postal_code\"]}],\"formatted_address\":\"Mehmet Akif Ersoy, Antalya Cd. 5-2, 34682 Üsküdar/İstanbul, Turkey\",\"geometry\":{\"location\":{\"lat\":41.041068,\"lng\":29.069204},\"location_type\":\"ROOFTOP\",\"viewport\":{\"south\":41.0397190197085,\"west\":29.0678550197085,\"north\":41.0424169802915,\"east\":29.0705529802915}},\"place_id\":\"ChIJexWJgDXIyhQRtBeJwcJZi1E\",\"plus_code\":{\"compound_code\":\"23R9+CM Üsküdar/İstanbul, Turkey\",\"global_code\":\"8GHF23R9+CM\"},\"types\":[\"street_address\"]}", "userBadge": "None", "userPicture": "static/images/Profiles/g.jpeg", "creditInprocess": 0, "claims": "[\"Q2238071\",\"Q216048\",\"Q31629\",\"Q31085894\",\"Q5369\",\"Q108163\",\"Q17949\",\"Q170028\",\"Q451967\",\"Q4925193\",\"Q8514257\",\"Q8514257\",\"Q169872\",\"Q2268776\",\"Q11024\",\"Q4127956\",\"Q52946\",\"Q3305213\",\"Q19888684\"]"}}, {"model": "member.profile", "pk": 2, "fields": {"user": 3, "userType": "user", "userReputation": "4.00", "creditAmount": 3, "userDetails": "Federal Post Officer", "userSkills": "[{\"id\":\"Q7216866\",\"title\":\"Q7216866\",\"pageid\":7119571,\"display\":{\"label\":{\"value\":\"post\",\"language\":\"en\"},\"description\":{\"value\":\"entry on a social media platform, forum, or blog\",\"language\":\"en\"}},\"repository\":\"wikidata\",\"url\":\"//www.wikidata.org/wiki/Q7216866\",\"concepturi\":\"http://www.wikidata.org/entity/Q7216866\",\"label\":\"post\",\"description\":\"entry on a social media platform, forum, or blog\",\"match\":{\"type\":\"alias\",\"language\":\"en\",\"text\":\"posting\"},\"aliases\":[\"posting\"]},{\"id\":\"Q1453674\",\"title\":\"Q1453674\",\"pageid\":1391818,\"display\":{\"label\":{\"value\":\"posting\",\"language\":\"en\"},\"description\":{\"value\":\"the act of creating and publishing a post on social media\",\"language\":\"en\"}},\"repository\":\"wikidata\",\"url\":\"//www.wikidata.org/wiki/Q1453674\",\"concepturi\":\"http://www.wikidata.org/entity/Q1453674\",\"label\":\"posting\",\"description\":\"the act of creating and publishing a post on social media\",\"match\":{\"type\":\"label\",\"language\":\"en\",\"text\":\"posting\"}},{\"id\":\"Q9158\",\"title\":\"Q9158\",\"pageid\":10514,\"display\":{\"label\":{\"value\":\"email\",\"language\":\"en\"},\"description\":{\"value\":\"method of electronically exchanging digital messages between people over a network\",\"language\":\"en\"}},\"repository\":\"wikidata\",\"url\":\"//www.wikidata.org/wiki/Q9158\",\"concepturi\":\"http://www.wikidata.org/entity/Q9158\",\"label\":\"email\",\"description\":\"method of electronically exchanging digital messages between people over a network\",\"match\":{\"type\":\"label\",\"language\":\"en\",\"text\":\"email\"}}]", "userInterests": "[{\"id\":\"Q35054\",\"title\":\"Q35054\",\"pageid\":37752,\"display\":{\"label\":{\"value\":\"post office\",\"language\":\"en\"},\"description\":{\"value\":\"customer service facility of a postal system\",\"language\":\"en\"}},\"repository\":\"wikidata\",\"url\":\"//www.wikidata.org/wiki/Q35054\",\"concepturi\":\"http://www.wikidata.org/entity/Q35054\",\"label\":\"post office\",\"description\":\"customer service facility of a postal system\",\"match\":{\"type\":\"label\",\"language\":\"en\",\"text\":\"post office\"}},{\"id\":\"Q235938\",\"title\":\"Q235938\",\"pageid\":229420,\"display\":{\"label\":{\"value\":\"Manipulation\",\"language\":\"en\"},\"description\":{\"value\":\"Wikimedia disambiguation page\",\"language\":\"en\"}},\"repository\":\"wikidata\",\"url\":\"//www.wikidata.org/wiki/Q235938\",\"concepturi\":\"http://www.wikidata.org/entity/Q235938\",\"label\":\"Manipulation\",\"description\":\"Wikimedia disambiguation page\",\"match\":{\"type\":\"label\",\"language\":\"en\",\"text\":\"Manipulation\"}},{\"id\":\"Q262090\",\"title\":\"Q262090\",\"pageid\":254195,\"display\":{\"label\":{\"value\":\"football\",\"language\":\"en\"},\"description\":{\"value\":\"ball inflated with air that is used to play one of the various sports known as football\",\"language\":\"en\"}},\"repository\":\"wikidata\",\"url\":\"//www.wikidata.org/wiki/Q262090\",\"concepturi\":\"http://www.wikidata.org/entity/Q262090\",\"label\":\"football\",\"description\":\"ball inflated with air that is used to play one of the various sports known as football\",\"match\":{\"type\":\"label\",\"language\":\"en\",\"text\":\"football\"}}]", "userLocation": "{\"formatted_address\":\"Sicily, Italy\",\"geometry\":{\"location\":{\"lat\":37.5999938,\"lng\":14.0153557},\"viewport\":{\"northeast\":{\"lat\":38.8121854,\"lng\":15.6527947},\"southwest\":{\"lat\":35.4915492,\"lng\":11.9253334}}},\"icon\":\"https://maps.gstatic.com/mapfiles/place_api/icons/v1/png_71/geocode-71.png\",\"icon_background_color\":\"#7B9EB0\",\"icon_mask_base_uri\":\"https://maps.gstatic.com/mapfiles/place_api/icons/v2/generic_pinlet\",\"name\":\"Sicily\",\"photos\":[{\"height\":1600,\"html_attributions\":[\"<a href=\\\"https://maps.google.com/maps/contrib/103480316147472641636\\\">Jose DOMINGUEZ NUÑEZ HERRADOR</a>\"],\"photo_reference\":\"Aap_uEDmSoWfiHUcbOPJruCdEvFt-MfjBLPIeeuyGXEjJS2Dav_LTXkkiQGpw3W8lHPeiZG38RXEv4Gos37n73659xk_Y7i0frix6j6BXhSkEK1pfwoRVZ6AvlCfn_bXrF1_Zqw9KyT4HXCEL1kBMOUEbt240qyWilAxhwQeWH9FaRWSAhvS\",\"width\":1200}],\"place_id\":\"ChIJs1lT0GhiEBMRUH22ZykECwE\",\"reference\":\"ChIJs1lT0GhiEBMRUH22ZykECwE\",\"types\":[\"administrative_area_level_1\",\"political\"]}", "userBadge": "None", "userPicture": "static/images/Profiles/MV5BZjM1N2MwY2ItMzRmMi00Nzc4LWEzOGEtZTdlZWI4OGQxYjdiXkEyXkFqcGdeQ_SoyM5w4.jpg", "creditInprocess": 0, "claims": "[\"Q294422\",\"Q35054\",\"Q4167410\",\"Q235938\",\"Q18545\",\"Q768186\",\"Q262090\",\"Q191067\",\"Q1714118\",\"Q110832782\",\"Q7216866\",\"Q21124681\",\"Q5276056\",\"Q47728\",\"Q1453674\",\"Q1668024\",\"Q133492\",\"Q1076968\",\"Q2554719\",\"Q1668024\",\"Q9158\"]"}}, {"model": "member.profile", "pk": 3, "fields": {"user": 6, "userType": "user", "userReputation": "0.00", "creditAmount": 5, "userDetails": "      Diamonds are a girls best friend, aren't they :) ", "userSkills": "[{\"id\":\"Q40831\",\"title\":\"Q40831\",\"pageid\":43152,\"display\":{\"label\":{\"value\":\"comedy\",\"language\":\"en\"},\"description\":{\"value\":\"genre of dramatic works intended to be humorous\",\"language\":\"en\"}},\"repository\":\"wikidata\",\"url\":\"//www.wikidata.org/wiki/Q40831\",\"concepturi\":\"http://www.wikidata.org/entity/Q40831\",\"label\":\"comedy\",\"description\":\"genre of dramatic works intended to be humorous\",\"match\":{\"type\":\"label\",\"language\":\"en\",\"text\":\"comedy\"}},{\"id\":\"Q3025161\",\"title\":\"Q3025161\",\"pageid\":2892169,\"display\":{\"label\":{\"value\":\"series\",\"language\":\"en\"},\"description\":{\"value\":\"taxonomic rank in botany\",\"language\":\"en\"}},\"repository\":\"wikidata\",\"url\":\"//www.wikidata.org/wiki/Q3025161\",\"concepturi\":\"http://www.wikidata.org/entity/Q3025161\",\"label\":\"series\",\"description\":\"taxonomic rank in botany\",\"match\":{\"type\":\"label\",\"language\":\"en\",\"text\":\"series\"}}]", "userInterests": "[{\"id\":\"Q532840\",\"title\":\"Q532840\",\"pageid\":501654,\"display\":{\"label\":{\"value\":\"Diamonds\",\"language\":\"en\"},\"description\":{\"value\":\"Wikimedia disambiguation page\",\"language\":\"en\"}},\"repository\":\"wikidata\",\"url\":\"//www.wikidata.org/wiki/Q532840\",\"concepturi\":\"http://www.wikidata.org/entity/Q532840\",\"label\":\"Diamonds\",\"description\":\"Wikimedia disambiguation page\",\"match\":{\"type\":\"label\",\"language\":\"en\",\"text\":\"Diamonds\"}},{\"id\":\"Q12684\",\"title\":\"Q12684\",\"pageid\":14279,\"display\":{\"label\":{\"value\":\"fashion\",\"language\":\"en\"},\"description\":{\"value\":\"popular style or practice in clothing, personal adornment or decorative arts\",\"language\":\"en\"}},\"repository\":\"wikidata\",\"url\":\"//www.wikidata.org/wiki/Q12684\",\"concepturi\":\"http://www.wikidata.org/entity/Q12684\",\"label\":\"fashion\",\"description\":\"popular style or practice in clothing, personal adornment or decorative arts\",\"match\":{\"type\":\"label\",\"language\":\"en\",\"text\":\"fashion\"}}]", "userLocation": "{\"formatted_address\":\"Hollywood, Los Angeles, CA, USA\",\"geometry\":{\"location\":{\"lat\":34.0928092,\"lng\":-118.3286614},\"viewport\":{\"northeast\":{\"lat\":34.111236,\"lng\":-118.2840872},\"southwest\":{\"lat\":34.0762656,\"lng\":-118.368869}}},\"icon\":\"https://maps.gstatic.com/mapfiles/place_api/icons/v1/png_71/geocode-71.png\",\"icon_background_color\":\"#7B9EB0\",\"icon_mask_base_uri\":\"https://maps.gstatic.com/mapfiles/place_api/icons/v2/generic_pinlet\",\"name\":\"Hollywood\",\"photos\":[{\"height\":3024,\"html_attributions\":[\"<a href=\\\"https://maps.google.com/maps/contrib/108474065684880135906\\\">abdelmajid ouazine</a>\"],\"photo_reference\":\"Aap_uECFiNh2q0l7v0enYsd7TX6dQ2I9-nAGpwNWHTBOyvfMgojif_8T4b3IJp057820YROKzy4HbBQy99-RfJhMCwYPr5U9pnrFeUrP9BqqPucQ6OuQLv3h9-_DOzHcqLlfrURGwVTP1BHcdFM6DwX0LA4niye5kKnNhY451Ko7i_RfDdc-\",\"width\":4032}],\"place_id\":\"ChIJv3lSBAe_woAR5Pq9l2eaevY\",\"reference\":\"ChIJv3lSBAe_woAR5Pq9l2eaevY\",\"types\":[\"neighborhood\",\"political\"]}", "userBadge": "None", "userPicture": "static/images/Profiles/95-anni-marilyn-monroe-701x523_kZ6cuXs.jpg", "creditInprocess": -3, "claims": "[\"Q4167410\",\"Q532840\",\"Q11042\",\"Q8187769\",\"Q13427002\",\"Q12684\",\"Q108465955\",\"Q838948\",\"Q40831\",\"Q427626\",\"Q4389865\",\"Q3100180\",\"Q3025161\"]"}}, {"model": "member.profile", "pk": 5, "fields": {"user": 1, "userType": "user", "userReputation": "0.00", "creditAmount": 5, "userDetails": "Hi! I am Admin", "userSkills": "[{\"id\":\"Q999646\",\"title\":\"Q999646\",\"pageid\":949180,\"display\":{\"label\":{\"value\":\"driving\",\"language\":\"en\"},\"description\":{\"value\":\"operation of a vehicle\",\"language\":\"en\"}},\"repository\":\"wikidata\",\"url\":\"//www.wikidata.org/wiki/Q999646\",\"concepturi\":\"http://www.wikidata.org/entity/Q999646\",\"label\":\"driving\",\"description\":\"operation of a vehicle\",\"match\":{\"type\":\"label\",\"language\":\"en\",\"text\":\"driving\"}},{\"id\":\"Q31920\",\"title\":\"Q31920\",\"pageid\":34862,\"display\":{\"label\":{\"value\":\"swimming\",\"language\":\"en\"},\"description\":{\"value\":\"water-based sport\",\"language\":\"en\"}},\"repository\":\"wikidata\",\"url\":\"//www.wikidata.org/wiki/Q31920\",\"concepturi\":\"http://www.wikidata.org/entity/Q31920\",\"label\":\"swimming\",\"description\":\"water-based sport\",\"match\":{\"type\":\"label\",\"language\":\"en\",\"text\":\"swimming\"}},{\"id\":\"Q309252\",\"title\":\"Q309252\",\"pageid\":297553,\"display\":{\"label\":{\"value\":\"physical fitness\",\"language\":\"en\"},\"description\":{\"value\":\"state of health and well-being and, more specifically, the abil", "userInterests": "[{\"id\":\"Q5377\",\"title\":\"Q5377\",\"pageid\":6320,\"display\":{\"label\":{\"value\":\"golf\",\"language\":\"en\"},\"description\":{\"value\":\"sport in which players attempt to hit a ball with a club into a goal using a minimum number of shots\",\"language\":\"en\"}},\"repository\":\"wikidata\",\"url\":\"//www.wikidata.org/wiki/Q5377\",\"concepturi\":\"http://www.wikidata.org/entity/Q5377\",\"label\":\"golf\",\"description\":\"sport in which players attempt to hit a ball with a club into a goal using a minimum number of shots\",\"match\":{\"type\":\"label\",\"language\":\"en\",\"text\":\"golf\"}},{\"id\":\"Q638\",\"title\":\"Q638\",\"pageid\":931,\"display\":{\"label\":{\"value\":\"music\",\"language\":\"en\"},\"description\":{\"value\":\"art form, and cultural activity, whose medium is sound\",\"language\":\"en\"}},\"repository\":\"wikidata\",\"url\":\"//www.wikidata.org/wiki/Q638\",\"concepturi\":\"http://www.wikidata.org/entity/Q638\",\"label\":\"music\",\"description\":\"art form, and cultural activity, whose medium is sound\",\"match\":{\"type\":\"label\",\"language\":\"en\",\"text\":\"music\"}},{\"id\":\"Q4", "userLocation": "{\"address_components\":[{\"long_name\":\"5-2\",\"short_name\":\"5-2\",\"types\":[\"street_number\"]},{\"long_name\":\"Antalya Caddesi\",\"short_name\":\"Antalya Cd.\",\"types\":[\"route\"]},{\"long_name\":\"Mehmet Akif Ersoy\",\"short_name\":\"Mehmet Akif Ersoy\",\"types\":[\"administrative_area_level_4\",\"political\"]},{\"long_name\":\"Üsküdar\",\"short_name\":\"Üsküdar\",\"types\":[\"administrative_area_level_2\",\"political\"]},{\"long_name\":\"İstanbul\",\"short_name\":\"İstanbul\",\"types\":[\"administrative_area_level_1\",\"political\"]},{\"long_name\":\"Turkey\",\"short_name\":\"TR\",\"types\":[\"country\",\"political\"]},{\"long_name\":\"34682\",\"short_name\":\"34682\",\"types\":[\"postal_code\"]}],\"formatted_address\":\"Mehmet Akif Ersoy, Antalya Cd. 5-2, 34682 Üsküdar/İstanbul, Turkey\",\"geometry\":{\"location\":{\"lat\":41.041068,\"lng\":29.069204},\"location_type\":\"ROOFTOP\",\"viewport\":{\"south\":41.0397190197085,\"west\":29.0678550197085,\"north\":41.0424169802915,\"east\":29.0705529802915}},\"place_id\":\"ChIJexWJgDXIyhQRtBeJwcJZi1E\",\"plus_code\":{\"compound_code\":\"23R9+CM Üsküdar/İstanbul, Turkey\",\"global_code\":\"8GHF23R9+CM\"},\"types\":[\"street_address\"]}", "userBadge": "None", "userPicture": "static/images/Profiles/male_0VqFkEz.png", "creditInprocess": 0, "claims": "[]"}}, {"model": "member.profile", "pk": 6, "fields": {"user": 7, "userType": "user", "userReputation": "4.00", "creditAmount": 7, "userDetails": "   You know who I am  ", "userSkills": "[{\"id\":\"Q213449\",\"title\":\"Q213449\",\"pageid\":208897,\"display\":{\"label\":{\"value\":\"eating\",\"language\":\"en\"},\"description\":{\"value\":\"ingestion of food to provide for all organisms their nutritional or medicinal needs\",\"language\":\"en\"}},\"repository\":\"wikidata\",\"url\":\"//www.wikidata.org/wiki/Q213449\",\"concepturi\":\"http://www.wikidata.org/entity/Q213449\",\"label\":\"eating\",\"description\":\"ingestion of food to provide for all organisms their nutritional or medicinal needs\",\"match\":{\"type\":\"label\",\"language\":\"en\",\"text\":\"eating\"}},{\"id\":\"Q876776\",\"title\":\"Q876776\",\"pageid\":828031,\"display\":{\"label\":{\"value\":\"drinking\",\"language\":\"en\"},\"description\":{\"value\":\"ingesting water or other liquids into the body through the mouth\",\"language\":\"en\"}},\"repository\":\"wikidata\",\"url\":\"//www.wikidata.org/wiki/Q876776\",\"concepturi\":\"http://www.wikidata.org/entity/Q876776\",\"label\":\"drinking\",\"description\":\"ingesting water or other liquids into the body through the mouth\",\"match\":{\"type\":\"label\",\"language\":\"en\",\"text\":\"drinking\"}},{\"id\":\"Q4925193\",\"title\":\"Q4925193\",\"pageid\":4706051,\"display\":{\"label\":{\"value\":\"lie\",\"language\":\"en\"},\"description\":{\"value\":\"intentionally false statement to a person or group made by another person or group who knows it is not wholly the truth\",\"language\":\"en\"}},\"repository\":\"wikidata\",\"url\":\"//www.wikidata.org/wiki/Q4925193\",\"concepturi\":\"http://www.wikidata.org/entity/Q4925193\",\"label\":\"lie\",\"description\":\"intentionally false statement to a person or group made by another person or group who knows it is not wholly the truth\",\"match\":{\"type\":\"label\",\"language\":\"en\",\"text\":\"lie\"}}]", "userInterests": "[{\"id\":\"Q80078489\",\"title\":\"Q80078489\",\"pageid\":79487149,\"display\":{\"label\":{\"value\":\"Hanging Out\",\"language\":\"en\"},\"description\":{\"value\":\"photograph by Larry Fink (American, b. 1941) (2012.376)\",\"language\":\"en\"}},\"repository\":\"wikidata\",\"url\":\"//www.wikidata.org/wiki/Q80078489\",\"concepturi\":\"http://www.wikidata.org/entity/Q80078489\",\"label\":\"Hanging Out\",\"description\":\"photograph by Larry Fink (American, b. 1941) (2012.376)\",\"match\":{\"type\":\"label\",\"language\":\"en\",\"text\":\"Hanging Out\"}}]", "userLocation": "{\"formatted_address\":\"Sicily, Italy\",\"geometry\":{\"location\":{\"lat\":37.5999938,\"lng\":14.0153557},\"viewport\":{\"northeast\":{\"lat\":38.8121854,\"lng\":15.6527947},\"southwest\":{\"lat\":35.4915492,\"lng\":11.9253334}}},\"icon\":\"https://maps.gstatic.com/mapfiles/place_api/icons/v1/png_71/geocode-71.png\",\"icon_background_color\":\"#7B9EB0\",\"icon_mask_base_uri\":\"https://maps.gstatic.com/mapfiles/place_api/icons/v2/generic_pinlet\",\"name\":\"Sicily\",\"photos\":[{\"height\":1600,\"html_attributions\":[\"<a href=\\\"https://maps.google.com/maps/contrib/103480316147472641636\\\">Jose DOMINGUEZ NUÑEZ HERRADOR</a>\"],\"photo_reference\":\"Aap_uEAkrrhU8s50cGz0gKMcbKptWpRz2gfq0KgihXzLMy1teZNcuehzkaaUxSeZzzN6c0CSPX49JM_t5y_UQhaEEWjxNzOsA0g0uQyS1yKZOeiUb7_2329sUryadpTCNBM0jbcXzdYSvUCEO2hS98tagNGkmXzLoh2UDLhcybz_JGpxQQH_\",\"width\":1200}],\"place_id\":\"ChIJs1lT0GhiEBMRUH22ZykECwE\",\"reference\":\"ChIJs1lT0GhiEBMRUH22ZykECwE\",\"types\":[\"administrative_area_level_1\",\"political\"]}", "userBadge": "None", "userPicture": "static/images/Profiles/2_Tribeca-Talks-After-the-Movie-Special-Correspondents-2016-Trib_ncLSqHK.jpeg", "creditInprocess": 0, "claims": "[\"Q4364339\",\"Q125191\",\"Q80078489\",\"Q1663054\",\"Q1914636\",\"Q213449\",\"Q2990593\",\"Q1663054\",\"Q4026292\",\"Q1914636\",\"Q876776\",\"Q108163\",\"Q17949\",\"Q170028\",\"Q451967\",\"Q4925193\"]"}}, {"model": "member.profile", "pk": 8, "fields": {"user": 8, "userType": "user", "userReputation": "0.00", "creditAmount": 5, "userDetails": " None ", "userSkills": "[]", "userInterests": "[]", "userLocation": "{\"address_components\":[{\"long_name\":\"9\",\"short_name\":\"9\",\"types\":[\"street_number\"]},{\"long_name\":\"Rasimağa Sokak\",\"short_name\":\"Rasimağa Sk.\",\"types\":[\"route\"]},{\"long_name\":\"Kuzguncuk\",\"short_name\":\"Kuzguncuk\",\"types\":[\"administrative_area_level_4\",\"political\"]},{\"long_name\":\"Üsküdar\",\"short_name\":\"Üsküdar\",\"types\":[\"administrative_area_level_2\",\"political\"]},{\"long_name\":\"İstanbul\",\"short_name\":\"İstanbul\",\"types\":[\"administrative_area_level_1\",\"political\"]},{\"long_name\":\"Türkiye\",\"short_name\":\"TR\",\"types\":[\"country\",\"political\"]},{\"long_name\":\"34674\",\"short_name\":\"34674\",\"types\":[\"postal_code\"]}],\"formatted_address\":\"Kuzguncuk, Rasimağa Sk. No:9, 34674 Üsküdar/İstanbul, Türkiye\",\"geometry\":{\"location\":{\"lat\":41.03053269999999,\"lng\":29.0435295},\"location_type\":\"ROOFTOP\",\"viewport\":{\"south\":41.0291837197085,\"west\":29.0421805197085,\"north\":41.03188168029149,\"east\":29.0448784802915}},\"place_id\":\"ChIJ9Q_IW-C3yhQRrYl2GMRN54g\",\"plus_code\":{\"compound_code\":\"22JV+6C Üsküdar/İstanbul, Türkiye\",\"global_code\":\"8GHF22JV+6C\"},\"types\":[\"street_address\"]}", "userBadge": "None", "userPicture": "static/images/Profiles/Sad-Face-Emoji-480x480.png.webp", "creditInprocess": 0, "claims": "[]"}}, {"model": "member.profile", "pk": 9, "fields": {"user": 9, "userType": "user", "userReputation": "0.00", "creditAmount": 5, "userDetails": " None ", "userSkills": "[]", "userInterests": "[]", "userLocation": "{\"formatted_address\":\"New York, NY, USA\",\"geometry\":{\"location\":{\"lat\":40.7127753,\"lng\":-74.0059728},\"viewport\":{\"northeast\":{\"lat\":40.9175771,\"lng\":-73.70027209999999},\"southwest\":{\"lat\":40.4773991,\"lng\":-74.25908989999999}}},\"icon\":\"https://maps.gstatic.com/mapfiles/place_api/icons/v1/png_71/geocode-71.png\",\"icon_background_color\":\"#7B9EB0\",\"icon_mask_base_uri\":\"https://maps.gstatic.com/mapfiles/place_api/icons/v2/generic_pinlet\",\"name\":\"New York\",\"photos\":[{\"height\":953,\"html_attributions\":[\"<a href=\\\"https://maps.google.com/maps/contrib/114149657216581507592\\\">A Google User</a>\"],\"photo_reference\":\"Aap_uEAQh8y-qxTHGWHHHM8ijbz72sofEw9qEYj8SF9iIFsibw_xEvVwEGq8wxho5-Vx0o4rRCoY2aZ4GlLUFsuMlQ3Vm0x0mTm66aXvhiATTJcLh29Q-sZ2xkoYQdft1D_xTH6t2p-Wc116eP27oOw1x38yPrSmuhF2NbJaTl0VTjrjg0z1\",\"width\":720}],\"place_id\":\"ChIJOwg_06VPwokRYv534QaPC8g\",\"reference\":\"ChIJOwg_06VPwokRYv534QaPC8g\",\"types\":[\"locality\",\"political\"]}", "userBadge": "None", "userPicture": "static/images/Profiles/jerry-seinfeld-photofest-450x600.jpeg", "creditInprocess": 0, "claims": "[]"}}, {"model": "offers.offer", "pk": "00cb19c4-b240-4f5c-a8b5-dae8a13b8cf0", "fields": {"title": "How to model like a pro", "latitude": null, "longitude": null, "location": "{\"formatted_address\":\"New York, NY, USA\",\"geometry\":{\"location\":{\"lat\":40.7127753,\"lng\":-74.0059728},\"viewport\":{\"northeast\":{\"lat\":40.9175771,\"lng\":-73.70027209999999},\"southwest\":{\"lat\":40.4773991,\"lng\":-74.25908989999999}}},\"icon\":\"https://maps.gstatic.com/mapfiles/place_api/icons/v1/png_71/geocode-71.png\",\"icon_background_color\":\"#7B9EB0\",\"icon_mask_base_uri\":\"https://maps.gstatic.com/mapfiles/place_api/icons/v2/generic_pinlet\",\"name\":\"New York\",\"photos\":[{\"height\":953,\"html_attributions\":[\"<a href=\\\"https://maps.google.com/maps/contrib/114149657216581507592\\\">A Google User</a>\"],\"photo_reference\":\"Aap_uECsdnlwHctqjQoaXokCFG3AcXqw_yPctPLnF_q7DSomASBZxprSw0MXhAzqv3rdhdqWi-B5j3pCaoLl4vOwLUrQyKlZPU51y73T9ObphgcZDPoPwQ66-9XaTFwK_ZawjUfY5O5-Ma0Du2OlBKxR5-XWCXDNF97r0zbHEal_2Wd5piZN\",\"width\":720}],\"place_id\":\"ChIJOwg_06VPwokRYv534QaPC8g\",\"reference\":\"ChIJOwg_06VPwokRYv534QaPC8g\",\"types\":[\"locality\",\"political\"]}", "tags": "[{\"id\":\"Q12684\",\"title\":\"Q12684\",\"pageid\":14279,\"display\":{\"label\":{\"value\":\"fashion\",\"language\":\"en\"},\"description\":{\"value\":\"popular style or practice in clothing, personal adornment or decorative arts\",\"language\":\"en\"}},\"repository\":\"wikidata\",\"url\":\"//www.wikidata.org/wiki/Q12684\",\"concepturi\":\"http://www.wikidata.org/entity/Q12684\",\"label\":\"fashion\",\"description\":\"popular style or practice in clothing, personal adornment or decorative arts\",\"match\":{\"type\":\"label\",\"language\":\"en\",\"text\":\"fashion\"}},{\"id\":\"Q3317838\",\"title\":\"Q3317838\",\"pageid\":3163610,\"display\":{\"label\":{\"value\":\"modeling\",\"language\":\"en\"},\"description\":{\"value\":\"art of sculpting models from clay\",\"language\":\"en\"}},\"repository\":\"wikidata\",\"url\":\"//www.wikidata.org/wiki/Q3317838\",\"concepturi\":\"http://www.wikidata.org/entity/Q3317838\",\"label\":\"modeling\",\"description\":\"art of sculpting models from clay\",\"match\":{\"type\":\"label\",\"language\":\"en\",\"text\":\"modeling\"}}]", "claims": "[\"Q11042\",\"Q8187769\",\"Q13427002\",\"Q12684\",\"Q11177771\",\"Q3317838\"]", "owner": 6, "start_date": "2022-07-07T17:30:00Z", "duration": 3, "end_date": "2022-07-07T20:30:00Z", "participant_limit": 6, "amendment_deadline": "2022-06-16T17:30:00Z", "type": 1, "photo": "static/images/Offers/shutterstock_editorial_10559571aw.jpg", "created_at": "2022-06-02T17:30:42.186Z"}}, {"model": "offers.offer", "pk": "216d807a-f31b-4589-a430-5b6670a6a8ca", "fields": {"title": "How to write a book", "latitude": null, "longitude": null, "location": "{\"formatted_address\":\"New York, NY, USA\",\"geometry\":{\"location\":{\"lat\":40.7127753,\"lng\":-74.0059728},\"viewport\":{\"northeast\":{\"lat\":40.9175771,\"lng\":-73.70027209999999},\"southwest\":{\"lat\":40.4773991,\"lng\":-74.25908989999999}}},\"icon\":\"https://maps.gstatic.com/mapfiles/place_api/icons/v1/png_71/geocode-71.png\",\"icon_background_color\":\"#7B9EB0\",\"icon_mask_base_uri\":\"https://maps.gstatic.com/mapfiles/place_api/icons/v2/generic_pinlet\",\"name\":\"New York\",\"photos\":[{\"height\":953,\"html_attributions\":[\"<a href=\\\"https://maps.google.com/maps/contrib/114149657216581507592\\\">A Google User</a>\"],\"photo_reference\":\"Aap_uEBTAsUJtg7H2UX6KyismJXrDKwv1-ubGHwt87CxDmsjF1D5rtzookvVD_XnY92FHmBprAgyFRzpNmB7aT_fpKvLkLeOCsu3_wmpfk1jI0EB83qYAERJ3Nf1RzV8rr6_e_3NuEbRSP0KQKi0yg3Mlvv1zRnCGjXV1GuSJFMfpcNSaIr-\",\"width\":720}],\"place_id\":\"ChIJOwg_06VPwokRYv534QaPC8g\",\"reference\":\"ChIJOwg_06VPwokRYv534QaPC8g\",\"types\":[\"locality\",\"political\"]}", "tags": "[{\"id\":\"Q571\",\"title\":\"Q571\",\"pageid\":841,\"display\":{\"label\":{\"value\":\"book\",\"language\":\"en\"},\"description\":{\"value\":\"written text that can be published in printed or electronic form\",\"language\":\"en\"}},\"repository\":\"wikidata\",\"url\":\"//www.wikidata.org/wiki/Q571\",\"concepturi\":\"http://www.wikidata.org/entity/Q571\",\"label\":\"book\",\"description\":\"written text that can be published in printed or electronic form\",\"match\":{\"type\":\"label\",\"language\":\"en\",\"text\":\"book\"}},{\"id\":\"Q133492\",\"title\":\"Q133492\",\"pageid\":135261,\"display\":{\"label\":{\"value\":\"letter\",\"language\":\"en\"},\"description\":{\"value\":\"written message from one to another\",\"language\":\"en\"}},\"repository\":\"wikidata\",\"url\":\"//www.wikidata.org/wiki/Q133492\",\"concepturi\":\"http://www.wikidata.org/entity/Q133492\",\"label\":\"letter\",\"description\":\"written message from one to another\",\"match\":{\"type\":\"alias\",\"language\":\"en\",\"text\":\"written letter\"},\"aliases\":[\"written letter\"]}]", "claims": "[\"Q49848\",\"Q732577\",\"Q2342494\",\"Q571\",\"Q49848\",\"Q2267856\",\"Q628523\",\"Q7725634\",\"Q11024\",\"Q4263830\",\"Q133492\"]", "owner": 3, "start_date": "2022-07-18T15:30:00Z", "duration": 4, "end_date": "2022-07-18T19:30:00Z", "participant_limit": 14, "amendment_deadline": "2022-06-30T17:00:00Z", "type": 2, "photo": "static/images/Offers/book.jpeg", "created_at": "2022-06-02T17:34:40.834Z"}}, {"model": "offers.offer", "pk": "2927c41a-ebaa-4b05-8319-504b09c6ed14", "fields": {"title": "Nachos and Netflix", "latitude": null, "longitude": null, "location": "{\"formatted_address\":\"Madrid, Spain\",\"geometry\":{\"location\":{\"lat\":40.4167754,\"lng\":-3.7037902},\"viewport\":{\"northeast\":{\"lat\":40.5638447,\"lng\":-3.5249115},\"southwest\":{\"lat\":40.3120639,\"lng\":-3.8341618}}},\"icon\":\"https://maps.gstatic.com/mapfiles/place_api/icons/v1/png_71/geocode-71.png\",\"icon_background_color\":\"#7B9EB0\",\"icon_mask_base_uri\":\"https://maps.gstatic.com/mapfiles/place_api/icons/v2/generic_pinlet\",\"name\":\"Madrid\",\"photos\":[{\"height\":1222,\"html_attributions\":[\"<a href=\\\"https://maps.google.com/maps/contrib/112046141419178810503\\\">Julio Rojo Eyaralar</a>\"],\"photo_reference\":\"Aap_uEBqRQ1LAXIaxOmeIMRUZQRAmvCQNIdJPKtYDc3Z8wbtL-ktVx2H5NT4EIZUGnrBvaUll_3b6lYgW6kFZnDXKmgbrTTHmjk8YL_8N3z3UhHD-vckrUMrP40bq86CwvhjRRqPGw4y9_KvelOic-xMjkK53A_RVRwwlAoEq8F72y1GRXy8\",\"width\":2048}],\"place_id\":\"ChIJgTwKgJcpQg0RaSKMYcHeNsQ\",\"reference\":\"ChIJgTwKgJcpQg0RaSKMYcHeNsQ\",\"types\":[\"locality\",\"political\"]}", "tags": "[{\"id\":\"Q466430\",\"title\":\"Q466430\",\"pageid\":439922,\"display\":{\"label\":{\"value\":\"nachos\",\"language\":\"en\"},\"description\":{\"value\":\"Tex-Mex dish\",\"language\":\"en\"}},\"repository\":\"wikidata\",\"url\":\"//www.wikidata.org/wiki/Q466430\",\"concepturi\":\"http://www.wikidata.org/entity/Q466430\",\"label\":\"nachos\",\"description\":\"Tex-Mex dish\",\"match\":{\"type\":\"label\",\"language\":\"en\",\"text\":\"nachos\"}},{\"id\":\"Q907311\",\"title\":\"Q907311\",\"pageid\":858011,\"display\":{\"label\":{\"value\":\"Netflix\",\"language\":\"en\"},\"description\":{\"value\":\"American multinational entertainment company\",\"language\":\"en\"}},\"repository\":\"wikidata\",\"url\":\"//www.wikidata.org/wiki/Q907311\",\"concepturi\":\"http://www.wikidata.org/entity/Q907311\",\"label\":\"Netflix\",\"description\":\"American multinational entertainment company\",\"match\":{\"type\":\"label\",\"language\":\"en\",\"text\":\"Netflix\"}},{\"id\":\"Q289\",\"title\":\"Q289\",\"pageid\":467,\"display\":{\"label\":{\"value\":\"television\",\"language\":\"en\"},\"description\":{\"value\":\"telecommunication medium for transmitting and receiving moving images\",\"language\":\"en\"}},\"repository\":\"wikidata\",\"url\":\"//www.wikidata.org/wiki/Q289\",\"concepturi\":\"http://www.wikidata.org/entity/Q289\",\"label\":\"television\",\"description\":\"telecommunication medium for transmitting and receiving moving images\",\"match\":{\"type\":\"alias\",\"language\":\"en\",\"text\":\"TV\"},\"aliases\":[\"TV\"]}]", "claims": "[\"Q2095\",\"Q746549\",\"Q466430\",\"Q368290\",\"Q109509795\",\"Q10689397\",\"Q891723\",\"Q907311\",\"Q15078788\",\"Q268592\",\"Q11033\",\"Q121359\",\"Q289\"]", "owner": 2, "start_date": "2022-08-05T01:30:00Z", "duration": 4, "end_date": "2022-08-05T05:30:00Z", "participant_limit": 5, "amendment_deadline": "2022-07-25T17:00:00Z", "type": 1, "photo": "static/images/Offers/nachos.jpeg", "created_at": "2022-06-02T17:16:25.264Z"}}, {"model": "offers.offer", "pk": "40745612-1cc2-4d9d-89fc-198b7524bfe6", "fields": {"title": "How to be classy", "latitude": null, "longitude": null, "location": "{\"formatted_address\":\"New York, NY, USA\",\"geometry\":{\"location\":{\"lat\":40.7127753,\"lng\":-74.0059728},\"viewport\":{\"northeast\":{\"lat\":40.9175771,\"lng\":-73.70027209999999},\"southwest\":{\"lat\":40.4773991,\"lng\":-74.25908989999999}}},\"icon\":\"https://maps.gstatic.com/mapfiles/place_api/icons/v1/png_71/geocode-71.png\",\"icon_background_color\":\"#7B9EB0\",\"icon_mask_base_uri\":\"https://maps.gstatic.com/mapfiles/place_api/icons/v2/generic_pinlet\",\"name\":\"New York\",\"photos\":[{\"height\":953,\"html_attributions\":[\"<a href=\\\"https://maps.google.com/maps/contrib/114149657216581507592\\\">A Google User</a>\"],\"photo_reference\":\"Aap_uECQfrbDchSP-zBtJrSkiWfCJOaGUcj2j3_hvmEwmdcDxkoU5c_WdV8xJJxcZuB4Xjhw2lMccWbw-A4Kus0HYxMN3qwBlhKtOWcWB_pmXUaJmerQszIMyX379kiUG9SfLFPJm6Sxrgc8chmMAfeqoC5FkZbxkv47ngxVevE9Ub7ysGW0\",\"width\":720}],\"place_id\":\"ChIJOwg_06VPwokRYv534QaPC8g\",\"reference\":\"ChIJOwg_06VPwokRYv534QaPC8g\",\"types\":[\"locality\",\"political\"]}", "tags": "[{\"id\":\"Q21281665\",\"title\":\"Q21281665\",\"pageid\":23328291,\"display\":{\"label\":{\"value\":\"class\",\"language\":\"en\"},\"description\":{\"value\":\"admirable behavior\",\"language\":\"en\"}},\"repository\":\"wikidata\",\"url\":\"//www.wikidata.org/wiki/Q21281665\",\"concepturi\":\"http://www.wikidata.org/entity/Q21281665\",\"label\":\"class\",\"description\":\"admirable behavior\",\"match\":{\"type\":\"alias\",\"language\":\"en\",\"text\":\"classy\"},\"aliases\":[\"classy\"]}]", "claims": "[\"Q3769299\",\"Q21281665\"]", "owner": 3, "start_date": "2022-07-28T18:00:00Z", "duration": 3, "end_date": "2022-07-28T21:00:00Z", "participant_limit": 12, "amendment_deadline": "2022-06-30T17:00:00Z", "type": 2, "photo": "static/images/Offers/chic.jpeg", "created_at": "2022-06-02T17:26:42.702Z"}}, {"model": "offers.offer", "pk": "4341b057-b64d-493f-885f-cadec992d2d1", "fields": {"title": "Hottest Salsa Sauce", "latitude": null, "longitude": null, "location": "{\"formatted_address\":\"Madrid, Spain\",\"geometry\":{\"location\":{\"lat\":40.4167754,\"lng\":-3.7037902},\"viewport\":{\"northeast\":{\"lat\":40.5638447,\"lng\":-3.5249115},\"southwest\":{\"lat\":40.3120639,\"lng\":-3.8341618}}},\"icon\":\"https://maps.gstatic.com/mapfiles/place_api/icons/v1/png_71/geocode-71.png\",\"icon_background_color\":\"#7B9EB0\",\"icon_mask_base_uri\":\"https://maps.gstatic.com/mapfiles/place_api/icons/v2/generic_pinlet\",\"name\":\"Madrid\",\"photos\":[{\"height\":1222,\"html_attributions\":[\"<a href=\\\"https://maps.google.com/maps/contrib/112046141419178810503\\\">Julio Rojo Eyaralar</a>\"],\"photo_reference\":\"Aap_uEActQqNjaVDrC-xw-DNYObkwqhg6XFtcGpBpVvUuO3OTVLO-TVrbBZUBpJ5G9NtLP7El95KAciwzt0WG65-3TKDOt_2M7F6bA2QWmea2bW3LA8FDUzt66s9jiZSrgKkqAlG_lRDxS50JhBJquCh_d5qhl7B0eDoQGCyqGWlV67AEAza\",\"width\":2048}],\"place_id\":\"ChIJgTwKgJcpQg0RaSKMYcHeNsQ\",\"reference\":\"ChIJgTwKgJcpQg0RaSKMYcHeNsQ\",\"types\":[\"locality\",\"political\"]}", "tags": "[{\"id\":\"Q249114\",\"title\":\"Q249114\",\"pageid\":241864,\"display\":{\"label\":{\"value\":\"salsa\",\"language\":\"en\"},\"description\":{\"value\":\"sauce\",\"language\":\"en\"}},\"repository\":\"wikidata\",\"url\":\"//www.wikidata.org/wiki/Q249114\",\"concepturi\":\"http://www.wikidata.org/entity/Q249114\",\"label\":\"salsa\",\"description\":\"sauce\",\"match\":{\"type\":\"label\",\"language\":\"en\",\"text\":\"salsa\"}},{\"id\":\"Q29\",\"title\":\"Q29\",\"pageid\":125,\"display\":{\"label\":{\"value\":\"Spain\",\"language\":\"en\"},\"description\":{\"value\":\"country in southwestern Europe\",\"language\":\"en\"}},\"repository\":\"wikidata\",\"url\":\"//www.wikidata.org/wiki/Q29\",\"concepturi\":\"http://www.wikidata.org/entity/Q29\",\"label\":\"Spain\",\"description\":\"country in southwestern Europe\",\"match\":{\"type\":\"label\",\"language\":\"en\",\"text\":\"Spain\"}}]", "claims": "[\"Q522171\",\"Q178359\",\"Q249114\",\"Q3624078\",\"Q1250464\",\"Q6256\",\"Q51576574\",\"Q29\"]", "owner": 2, "start_date": "2022-08-09T17:30:00Z", "duration": 3, "end_date": "2022-08-09T20:30:00Z", "participant_limit": 3, "amendment_deadline": "2022-07-07T17:12:00Z", "type": 1, "photo": "static/images/Offers/salsa.jpeg", "created_at": "2022-06-02T17:13:33.375Z"}}, {"model": "offers.offer", "pk": "456f0fb9-f396-4e46-aaf1-1c54211f4546", "fields": {"title": "Learn Acting", "latitude": null, "longitude": null, "location": "{\"formatted_address\":\"Hollywood, Los Angeles, CA, USA\",\"geometry\":{\"location\":{\"lat\":34.0928092,\"lng\":-118.3286614},\"viewport\":{\"northeast\":{\"lat\":34.111236,\"lng\":-118.2840872},\"southwest\":{\"lat\":34.0762656,\"lng\":-118.368869}}},\"icon\":\"https://maps.gstatic.com/mapfiles/place_api/icons/v1/png_71/geocode-71.png\",\"icon_background_color\":\"#7B9EB0\",\"icon_mask_base_uri\":\"https://maps.gstatic.com/mapfiles/place_api/icons/v2/generic_pinlet\",\"name\":\"Hollywood\",\"photos\":[{\"height\":3024,\"html_attributions\":[\"<a href=\\\"https://maps.google.com/maps/contrib/108474065684880135906\\\">abdelmajid ouazine</a>\"],\"photo_reference\":\"Aap_uECwdKv_o-FtXqMFUkMpboJpPdzsoZ8dAVLcJ9mnCj8KX9czPG2OvJcs306tS_XlJ1h8p6gtYbG-JlfnAyuXKW7YxuhviTL7kkuSR9jtQqu_ZG9anfDhdrY4Vq-o4oLJP7Uy49zvZi0-xm7LL-fnIKFT3rSFK3ZK-wfOG_LlKFl0nDVq\",\"width\":4032}],\"place_id\":\"ChIJv3lSBAe_woAR5Pq9l2eaevY\",\"reference\":\"ChIJv3lSBAe_woAR5Pq9l2eaevY\",\"types\":[\"neighborhood\",\"political\"]}", "tags": "[]", "claims": "[]", "owner": 6, "start_date": "2022-06-23T17:18:00Z", "duration": 1, "end_date": "2022-06-23T18:18:00Z", "participant_limit": 2, "amendment_deadline": "2022-06-04T17:18:00Z", "type": 1, "photo": "static/images/Offers/95-anni-marilyn-monroe-701x523.jpg", "created_at": "2022-06-02T17:19:03.140Z"}}, {"model": "offers.offer", "pk": "5c713102-e41a-419d-b107-2ca2a38a4f23", "fields": {"title": "Vegan burger workshop", "latitude": null, "longitude": null, "location": "{\"formatted_address\":\"İstanbul, Turkey\",\"geometry\":{\"location\":{\"lat\":41.0082376,\"lng\":28.9783589},\"viewport\":{\"northeast\":{\"lat\":41.199239,\"lng\":29.4288049},\"southwest\":{\"lat\":40.811404,\"lng\":28.595554}}},\"icon\":\"https://maps.gstatic.com/mapfiles/place_api/icons/v1/png_71/geocode-71.png\",\"icon_background_color\":\"#7B9EB0\",\"icon_mask_base_uri\":\"https://maps.gstatic.com/mapfiles/place_api/icons/v2/generic_pinlet\",\"name\":\"İstanbul\",\"photos\":[{\"height\":2268,\"html_attributions\":[\"<a href=\\\"https://maps.google.com/maps/contrib/116478159291729433032\\\">محمد الفطيمي</a>\"],\"photo_reference\":\"Aap_uEDfb5by4ezxi6Lwi7KHPOHnZEsTIXL3dv6veilix_N09VqBKSumNxhfqiWoUBpPW7VG9s3S9J7Taub4qw7HxSg4muqKJjRhIfhd3rPjOxZIsFA2OjpeHvBiD97Ejfe_P16qdiwsjFVFBPJbOsuck0-PBIqGeETLRoHFSymEhoYbaoEt\",\"width\":4032}],\"place_id\":\"ChIJawhoAASnyhQR0LABvJj-zOE\",\"reference\":\"ChIJawhoAASnyhQR0LABvJj-zOE\",\"types\":[\"locality\",\"political\"]}", "tags": "[{\"id\":\"Q181138\",\"title\":\"Q181138\",\"pageid\":180331,\"display\":{\"label\":{\"value\":\"veganism\",\"language\":\"en\"},\"description\":{\"value\":\"way of life and diet that rejects the use of animals and their by-products\",\"language\":\"en\"}},\"repository\":\"wikidata\",\"url\":\"//www.wikidata.org/wiki/Q181138\",\"concepturi\":\"http://www.wikidata.org/entity/Q181138\",\"label\":\"veganism\",\"description\":\"way of life and diet that rejects the use of animals and their by-products\",\"match\":{\"type\":\"label\",\"language\":\"en\",\"text\":\"veganism\"}},{\"id\":\"Q27522900\",\"title\":\"Q27522900\",\"pageid\":29244766,\"display\":{\"label\":{\"value\":\"vegan\",\"language\":\"en\"},\"description\":{\"value\":\"person who adheres to veganism\",\"language\":\"en\"}},\"repository\":\"wikidata\",\"url\":\"//www.wikidata.org/wiki/Q27522900\",\"concepturi\":\"http://www.wikidata.org/entity/Q27522900\",\"label\":\"vegan\",\"description\":\"person who adheres to veganism\",\"match\":{\"type\":\"label\",\"language\":\"en\",\"text\":\"vegan\"}},{\"id\":\"Q4998527\",\"title\":\"Q4998527\",\"pageid\":4776142,\"display\":{\"label\":{\"value\":\"Burger\",\"language\":\"en\"},\"description\":{\"value\":\"wine grape\",\"language\":\"en\"}},\"repository\":\"wikidata\",\"url\":\"//www.wikidata.org/wiki/Q4998527\",\"concepturi\":\"http://www.wikidata.org/entity/Q4998527\",\"label\":\"Burger\",\"description\":\"wine grape\",\"match\":{\"type\":\"label\",\"language\":\"en\",\"text\":\"Burger\"}}]", "claims": "[\"Q83364\",\"Q32090\",\"Q49773\",\"Q30046560\",\"Q7257\",\"Q181138\",\"Q18338317\",\"Q12737077\",\"Q27522900\",\"Q4998527\"]", "owner": 9, "start_date": "2022-07-21T01:30:00Z", "duration": 3, "end_date": "2022-07-21T04:30:00Z", "participant_limit": 4, "amendment_deadline": "2022-07-12T18:00:00Z", "type": 1, "photo": "static/images/Offers/mantarli-vegan-burger-d6c8edb3-8336-4922-94b7-93b9d32c2307.jpeg", "created_at": "2022-06-02T18:16:41.964Z"}}, {"model": "offers.offer", "pk": "63ec16ab-9282-420d-a8ee-0902860d4ff3", "fields": {"title": "Watching El Clásico at my home", "latitude": null, "longitude": null, "location": "{\"formatted_address\":\"Barcelona, Spain\",\"geometry\":{\"location\":{\"lat\":41.3873974,\"lng\":2.168568},\"viewport\":{\"northeast\":{\"lat\":41.4682974,\"lng\":2.2280449},\"southwest\":{\"lat\":41.3170385,\"lng\":2.0523333}}},\"icon\":\"https://maps.gstatic.com/mapfiles/place_api/icons/v1/png_71/geocode-71.png\",\"icon_background_color\":\"#7B9EB0\",\"icon_mask_base_uri\":\"https://maps.gstatic.com/mapfiles/place_api/icons/v2/generic_pinlet\",\"name\":\"Barcelona\",\"photos\":[{\"height\":564,\"html_attributions\":[\"<a href=\\\"https://maps.google.com/maps/contrib/106267003476446512714\\\">Juanjo Soriano</a>\"],\"photo_reference\":\"Aap_uEAH0wFLFaDGM-NlzMJMLLTNtdrP2yjhLRaQwPuOvnW02mM-axeR7w-rjaCQMyE49qRaysrYgBRNrpX5jU21gCbb849LANsTvNKlX6aVIxpxxIKrKsoteFfqgOtWJb57I26j-vWjN9zokL84j0GnQlbwWJb0Sbjy65jyIPJqhJeAn9oJ\",\"width\":564}],\"place_id\":\"ChIJ5TCOcRaYpBIRCmZHTz37sEQ\",\"reference\":\"ChIJ5TCOcRaYpBIRCmZHTz37sEQ\",\"types\":[\"locality\",\"political\"]}", "tags": "[{\"id\":\"Q484736\",\"title\":\"Q484736\",\"pageid\":456272,\"display\":{\"label\":{\"value\":\"El Clásico\",\"language\":\"en\"},\"description\":{\"value\":\"rivalry between Real Madrid and FC Barcelona\",\"language\":\"en\"}},\"repository\":\"wikidata\",\"url\":\"//www.wikidata.org/wiki/Q484736\",\"concepturi\":\"http://www.wikidata.org/entity/Q484736\",\"label\":\"El Clásico\",\"description\":\"rivalry between Real Madrid and FC Barcelona\",\"match\":{\"type\":\"label\",\"language\":\"en\",\"text\":\"El Clásico\"}},{\"id\":\"Q8682\",\"title\":\"Q8682\",\"pageid\":10004,\"display\":{\"label\":{\"value\":\"Real Madrid CF\",\"language\":\"en\"},\"description\":{\"value\":\"association football club in Madrid, Spain\",\"language\":\"en\"}},\"repository\":\"wikidata\",\"url\":\"//www.wikidata.org/wiki/Q8682\",\"concepturi\":\"http://www.wikidata.org/entity/Q8682\",\"label\":\"Real Madrid CF\",\"description\":\"association football club in Madrid, Spain\",\"match\":{\"type\":\"label\",\"language\":\"en\",\"text\":\"Real Madrid CF\"}}]", "claims": "[\"Q16672878\",\"Q3246109\",\"Q40434727\",\"Q13406554\",\"Q63981919\",\"Q484736\",\"Q476028\",\"Q8682\"]", "owner": 2, "start_date": "2022-07-24T22:30:00Z", "duration": 2, "end_date": "2022-07-25T00:30:00Z", "participant_limit": 10, "amendment_deadline": "2022-06-30T17:00:00Z", "type": 2, "photo": "static/images/Offers/elclassico.jpeg", "created_at": "2022-06-02T17:19:55.508Z"}}, {"model": "offers.offer", "pk": "65ac2f38-e19f-4a8b-8596-9554bc085c1a", "fields": {"title": "Vegan Latte Art", "latitude": null, "longitude": null, "location": "{\"formatted_address\":\"Barcelona, Spain\",\"geometry\":{\"location\":{\"lat\":41.3873974,\"lng\":2.168568},\"viewport\":{\"northeast\":{\"lat\":41.4682974,\"lng\":2.2280449},\"southwest\":{\"lat\":41.3170385,\"lng\":2.0523333}}},\"icon\":\"https://maps.gstatic.com/mapfiles/place_api/icons/v1/png_71/geocode-71.png\",\"icon_background_color\":\"#7B9EB0\",\"icon_mask_base_uri\":\"https://maps.gstatic.com/mapfiles/place_api/icons/v2/generic_pinlet\",\"name\":\"Barcelona\",\"photos\":[{\"height\":564,\"html_attributions\":[\"<a href=\\\"https://maps.google.com/maps/contrib/106267003476446512714\\\">Juanjo Soriano</a>\"],\"photo_reference\":\"Aap_uEDoiwRTqj5fGpn5CXS67U-RgXX9ZIJ_42cSknnoGASPg3HJN5nVkiLr7mr3VJp7UJWX6E28OOZayfCR3ArYuMnO1f4v7YBb7JL6kfvAjBaW1MYvpuaenTKMdBjTVc8AV3UqNrcUNMBe31bGC3h377eBijDTRCxpZlk3WmUjV6QQNF83\",\"width\":564}],\"place_id\":\"ChIJ5TCOcRaYpBIRCmZHTz37sEQ\",\"reference\":\"ChIJ5TCOcRaYpBIRCmZHTz37sEQ\",\"types\":[\"locality\",\"political\"]}", "tags": "[{\"id\":\"Q27522900\",\"title\":\"Q27522900\",\"pageid\":29244766,\"display\":{\"label\":{\"value\":\"vegan\",\"language\":\"en\"},\"description\":{\"value\":\"person who adheres to veganism\",\"language\":\"en\"}},\"repository\":\"wikidata\",\"url\":\"//www.wikidata.org/wiki/Q27522900\",\"concepturi\":\"http://www.wikidata.org/entity/Q27522900\",\"label\":\"vegan\",\"description\":\"person who adheres to veganism\",\"match\":{\"type\":\"label\",\"language\":\"en\",\"text\":\"vegan\"}},{\"id\":\"Q8486\",\"title\":\"Q8486\",\"pageid\":9792,\"display\":{\"label\":{\"value\":\"coffee\",\"language\":\"en\"},\"description\":{\"value\":\"brewed beverage prepared from roasted coffee seeds\",\"language\":\"en\"}},\"repository\":\"wikidata\",\"url\":\"//www.wikidata.org/wiki/Q8486\",\"concepturi\":\"http://www.wikidata.org/entity/Q8486\",\"label\":\"coffee\",\"description\":\"brewed beverage prepared from roasted coffee seeds\",\"match\":{\"type\":\"label\",\"language\":\"en\",\"text\":\"coffee\"}},{\"id\":\"Q841774\",\"title\":\"Q841774\",\"pageid\":794001,\"display\":{\"label\":{\"value\":\"latte\",\"language\":\"en\"},\"description\":{\"value\":\"coffee drink\",\"language\":\"en\"}},\"repository\":\"wikidata\",\"url\":\"//www.wikidata.org/wiki/Q841774\",\"concepturi\":\"http://www.wikidata.org/entity/Q841774\",\"label\":\"latte\",\"description\":\"coffee drink\",\"match\":{\"type\":\"label\",\"language\":\"en\",\"text\":\"latte\"}}]", "claims": "[\"Q18338317\",\"Q12737077\",\"Q27522900\",\"Q40050\",\"Q1365365\",\"Q37756327\",\"Q147538\",\"Q19359564\",\"Q2647467\",\"Q8486\",\"Q10751552\",\"Q40050\",\"Q37756327\",\"Q841774\"]", "owner": 7, "start_date": "2022-06-30T16:00:00Z", "duration": 3, "end_date": "2022-06-30T19:00:00Z", "participant_limit": 3, "amendment_deadline": "2022-06-20T16:00:00Z", "type": 1, "photo": "static/images/Offers/Latte-art.jpeg", "created_at": "2022-06-02T16:57:50.157Z"}}, {"model": "offers.offer", "pk": "67f017b2-0547-4f01-aca9-1adaa6629b8f", "fields": {"title": "How to become TikToker", "latitude": null, "longitude": null, "location": "{\"formatted_address\":\"Paris, France\",\"geometry\":{\"location\":{\"lat\":48.856614,\"lng\":2.3522219},\"viewport\":{\"northeast\":{\"lat\":48.9021475,\"lng\":2.4698509},\"southwest\":{\"lat\":48.8155622,\"lng\":2.2242191}}},\"icon\":\"https://maps.gstatic.com/mapfiles/place_api/icons/v1/png_71/geocode-71.png\",\"icon_background_color\":\"#7B9EB0\",\"icon_mask_base_uri\":\"https://maps.gstatic.com/mapfiles/place_api/icons/v2/generic_pinlet\",\"name\":\"Paris\",\"photos\":[{\"height\":2916,\"html_attributions\":[\"<a href=\\\"https://maps.google.com/maps/contrib/100422913274192458074\\\">Aleš Masař</a>\"],\"photo_reference\":\"Aap_uEAV3dI3r-tH55t23K27YNsNOWYBzgZ98iBLgR-Tl_Pukdf_jgegvGHdLl1JlovE3lLNo2GnKe7BTdb2PZWgbF8huosfOlvWF9WtnGP06TNyDu5iwv20-7mY0XnjvTEWULwcByzrxtZvZFvXpTJ7s7AhIlcaFd327wgd9TFLldwKm7w\",\"width\":5184}],\"place_id\":\"ChIJD7fiBh9u5kcRYJSMaMOCCwQ\",\"reference\":\"ChIJD7fiBh9u5kcRYJSMaMOCCwQ\",\"types\":[\"locality\",\"political\"]}", "tags": "[{\"id\":\"Q48938223\",\"title\":\"Q48938223\",\"pageid\":49953320,\"display\":{\"label\":{\"value\":\"TikTok\",\"language\":\"en\"},\"description\":{\"value\":\"video-focused social media and social networking service owned by ByteDance\",\"language\":\"en\"}},\"repository\":\"wikidata\",\"url\":\"//www.wikidata.org/wiki/Q48938223\",\"concepturi\":\"http://www.wikidata.org/entity/Q48938223\",\"label\":\"TikTok\",\"description\":\"video-focused social media and social networking service owned by ByteDance\",\"match\":{\"type\":\"label\",\"language\":\"en\",\"text\":\"TikTok\"}},{\"id\":\"Q1519566\",\"title\":\"Q1519566\",\"pageid\":1456730,\"display\":{\"label\":{\"value\":\"fame\",\"language\":\"en\"},\"description\":{\"value\":\"social status of publicly known persons\",\"language\":\"en\"}},\"repository\":\"wikidata\",\"url\":\"//www.wikidata.org/wiki/Q1519566\",\"concepturi\":\"http://www.wikidata.org/entity/Q1519566\",\"label\":\"fame\",\"description\":\"social status of publicly known persons\",\"match\":{\"type\":\"label\",\"language\":\"en\",\"text\":\"fame\"}},{\"id\":\"Q11639\",\"title\":\"Q11639\",\"pageid\":13170,\"display\":{\"label\":{\"value\":\"dance\",\"language\":\"en\"},\"description\":{\"value\":\"rhythmic movement of the body\",\"language\":\"en\"}},\"repository\":\"wikidata\",\"url\":\"//www.wikidata.org/wiki/Q11639\",\"concepturi\":\"http://www.wikidata.org/entity/Q11639\",\"label\":\"dance\",\"description\":\"rhythmic movement of the body\",\"match\":{\"type\":\"label\",\"language\":\"en\",\"text\":\"dance\"}}]", "claims": "[\"Q3220391\",\"Q559856\",\"Q4830453\",\"Q1194970\",\"Q48938223\",\"Q189970\",\"Q1519566\",\"Q111748628\",\"Q747883\",\"Q17537576\",\"Q45971958\",\"Q11639\"]", "owner": 3, "start_date": "2022-08-29T17:00:00Z", "duration": 2, "end_date": "2022-08-29T19:00:00Z", "participant_limit": 4, "amendment_deadline": "2022-07-29T17:00:00Z", "type": 1, "photo": "static/images/Offers/tik.png", "created_at": "2022-06-02T17:37:46.433Z"}}, {"model": "offers.offer", "pk": "6f209902-cb84-4e3f-a6cc-bb2185c8ec11", "fields": {"title": "Salsa Night", "latitude": null, "longitude": null, "location": "{\"formatted_address\":\"Málaga, Spain\",\"geometry\":{\"location\":{\"lat\":36.7211784,\"lng\":-4.421719899999999},\"viewport\":{\"northeast\":{\"lat\":36.8940412,\"lng\":-4.260489700000001},\"southwest\":{\"lat\":36.6356229,\"lng\":-4.587888599999999}}},\"icon\":\"https://maps.gstatic.com/mapfiles/place_api/icons/v1/png_71/geocode-71.png\",\"icon_background_color\":\"#7B9EB0\",\"icon_mask_base_uri\":\"https://maps.gstatic.com/mapfiles/place_api/icons/v2/generic_pinlet\",\"name\":\"Málaga\",\"photos\":[{\"height\":1512,\"html_attributions\":[\"<a href=\\\"https://maps.google.com/maps/contrib/112777588889295025405\\\">Luis Paris</a>\"],\"photo_reference\":\"Aap_uEA_voUcXvJgT84n6SqlImy5bG0e4AoUmVc6V7caE8q2edek01E1KCuIRGUApUD98iQQQYr2lB84kyLN7MydwYH-hqDWKUxZ7AB1ryeWKOjAeev0-eyJf6klwGbxRK8ey67ZN5bTs1qIGnJqwPdl6xA8EAm6JyqspOp-TA6gIjjDpm9s\",\"width\":2688}],\"place_id\":\"ChIJUdEwjWn2cg0RgOZ2pXjSAwQ\",\"reference\":\"ChIJUdEwjWn2cg0RgOZ2pXjSAwQ\",\"types\":[\"administrative_area_level_4\",\"political\"]}", "tags": "[{\"id\":\"Q208239\",\"title\":\"Q208239\",\"pageid\":204277,\"display\":{\"label\":{\"value\":\"salsa\",\"language\":\"en\"},\"description\":{\"value\":\"Latin American dance music genre\",\"language\":\"en\"}},\"repository\":\"wikidata\",\"url\":\"//www.wikidata.org/wiki/Q208239\",\"concepturi\":\"http://www.wikidata.org/entity/Q208239\",\"label\":\"salsa\",\"description\":\"Latin American dance music genre\",\"match\":{\"type\":\"label\",\"language\":\"en\",\"text\":\"salsa\"}},{\"id\":\"Q11639\",\"title\":\"Q11639\",\"pageid\":13170,\"display\":{\"label\":{\"value\":\"dance\",\"language\":\"en\"},\"description\":{\"value\":\"rhythmic movement of the body\",\"language\":\"en\"}},\"repository\":\"wikidata\",\"url\":\"//www.wikidata.org/wiki/Q11639\",\"concepturi\":\"http://www.wikidata.org/entity/Q11639\",\"label\":\"dance\",\"description\":\"rhythmic movement of the body\",\"match\":{\"type\":\"label\",\"language\":\"en\",\"text\":\"dance\"}}]", "claims": "[\"Q188451\",\"Q316930\",\"Q727781\",\"Q3328778\",\"Q208239\",\"Q111748628\",\"Q747883\",\"Q17537576\",\"Q45971958\",\"Q11639\"]", "owner": 7, "start_date": "2022-07-28T17:00:00Z", "duration": 6, "end_date": "2022-07-28T23:00:00Z", "participant_limit": 10, "amendment_deadline": "2022-07-05T17:00:00Z", "type": 2, "photo": "static/images/Offers/salsa-dancepoise.jpeg", "created_at": "2022-06-02T17:05:35.613Z"}}, {"model": "offers.offer", "pk": "855c341e-ca05-4144-961c-022b8449e7b3", "fields": {"title": "Stand-up Comedy Show", "latitude": null, "longitude": null, "location": "{\"formatted_address\":\"Miami, FL, USA\",\"geometry\":{\"location\":{\"lat\":25.7616798,\"lng\":-80.1917902},\"viewport\":{\"northeast\":{\"lat\":25.855773,\"lng\":-80.139157},\"southwest\":{\"lat\":25.709042,\"lng\":-80.3197599}}},\"icon\":\"https://maps.gstatic.com/mapfiles/place_api/icons/v1/png_71/geocode-71.png\",\"icon_background_color\":\"#7B9EB0\",\"icon_mask_base_uri\":\"https://maps.gstatic.com/mapfiles/place_api/icons/v2/generic_pinlet\",\"name\":\"Miami\",\"photos\":[{\"height\":4000,\"html_attributions\":[\"<a href=\\\"https://maps.google.com/maps/contrib/101296063287077529283\\\">Alexei Slnk</a>\"],\"photo_reference\":\"Aap_uEAbk17mIEuLGEvEO2dv_mHUb-fb3YIXMAfyT7HHaNERVMPwHylIF3yREtSAmGQoVGwjHWSwp5Pp0zCVkNw5z5Mu1ZPXhtWUxKg7xzTxWjcpcjwXJ29KUDS62Sop1XYrQjM1DldqG89eFKYSH65gmu534V-izO5PFGiJ8P9nzY56g5lK\",\"width\":3000}],\"place_id\":\"ChIJEcHIDqKw2YgRZU-t3XHylv8\",\"reference\":\"ChIJEcHIDqKw2YgRZU-t3XHylv8\",\"types\":[\"locality\",\"political\"]}", "tags": "[{\"id\":\"Q40831\",\"title\":\"Q40831\",\"pageid\":43152,\"display\":{\"label\":{\"value\":\"comedy\",\"language\":\"en\"},\"description\":{\"value\":\"genre of dramatic works intended to be humorous\",\"language\":\"en\"}},\"repository\":\"wikidata\",\"url\":\"//www.wikidata.org/wiki/Q40831\",\"concepturi\":\"http://www.wikidata.org/entity/Q40831\",\"label\":\"comedy\",\"description\":\"genre of dramatic works intended to be humorous\",\"match\":{\"type\":\"label\",\"language\":\"en\",\"text\":\"comedy\"}},{\"id\":\"Q15116915\",\"title\":\"Q15116915\",\"pageid\":16778056,\"display\":{\"label\":{\"value\":\"show\",\"language\":\"en\"},\"description\":{\"value\":\"any of several types of events with entertainment\",\"language\":\"en\"}},\"repository\":\"wikidata\",\"url\":\"//www.wikidata.org/wiki/Q15116915\",\"concepturi\":\"http://www.wikidata.org/entity/Q15116915\",\"label\":\"show\",\"description\":\"any of several types of events with entertainment\",\"match\":{\"type\":\"label\",\"language\":\"en\",\"text\":\"show\"}}]", "claims": "[\"Q108465955\",\"Q838948\",\"Q40831\",\"Q1656682\",\"Q838948\",\"Q108586636\",\"Q15116915\"]", "owner": 9, "start_date": "2022-07-30T21:30:00Z", "duration": 4, "end_date": "2022-07-31T01:30:00Z", "participant_limit": 25, "amendment_deadline": "2022-06-30T18:13:00Z", "type": 2, "photo": "static/images/Offers/comedy.jpeg", "created_at": "2022-06-02T18:14:03.212Z"}}, {"model": "offers.offer", "pk": "8b8de413-d668-4439-aafa-063060b39d96", "fields": {"title": "Wanna earn money from Instagram?", "latitude": null, "longitude": null, "location": "{\"formatted_address\":\"Seoul, South Korea\",\"geometry\":{\"location\":{\"lat\":37.566535,\"lng\":126.9779692},\"viewport\":{\"northeast\":{\"lat\":37.7017495,\"lng\":127.1835899},\"southwest\":{\"lat\":37.4259627,\"lng\":126.7645827}}},\"icon\":\"https://maps.gstatic.com/mapfiles/place_api/icons/v1/png_71/geocode-71.png\",\"icon_background_color\":\"#7B9EB0\",\"icon_mask_base_uri\":\"https://maps.gstatic.com/mapfiles/place_api/icons/v2/generic_pinlet\",\"name\":\"Seoul\",\"photos\":[{\"height\":334,\"html_attributions\":[\"<a href=\\\"https://maps.google.com/maps/contrib/102989838164749710474\\\">Samuel Lim</a>\"],\"photo_reference\":\"Aap_uEC5fnhAZehxlEtXvNmhmIuqzoN5zE6sXrNX2W6HW90BrQjdcBZtdE_3KSA8b5G67RGMclBcIXONAUfmG6OFcYx0kOOO73JH_tT3usz_H_otMtWCeGqP5Q2obuV1lbFjYKf_zkDSFMpcE9OiCS42SbEhaz8jjsGzzpGx6AXqV1L58Ve-\",\"width\":518}],\"place_id\":\"ChIJzzlcLQGifDURm_JbQKHsEX4\",\"reference\":\"ChIJzzlcLQGifDURm_JbQKHsEX4\",\"types\":[\"administrative_area_level_1\",\"political\"]}", "tags": "[{\"id\":\"Q209330\",\"title\":\"Q209330\",\"pageid\":205245,\"display\":{\"label\":{\"value\":\"Instagram\",\"language\":\"en\"},\"description\":{\"value\":\"photo and video sharing social network owned by Meta, Inc.\",\"language\":\"en\"}},\"repository\":\"wikidata\",\"url\":\"//www.wikidata.org/wiki/Q209330\",\"concepturi\":\"http://www.wikidata.org/entity/Q209330\",\"label\":\"Instagram\",\"description\":\"photo and video sharing social network owned by Meta, Inc.\",\"match\":{\"type\":\"label\",\"language\":\"en\",\"text\":\"Instagram\"}},{\"id\":\"Q2906862\",\"title\":\"Q2906862\",\"pageid\":2782552,\"display\":{\"label\":{\"value\":\"influencer\",\"language\":\"en\"},\"description\":{\"value\":\"influential person who uses their strong presence and activity in social media and networks to influence particular audiences in their buying decisions (influencer marketing)\",\"language\":\"en\"}},\"repository\":\"wikidata\",\"url\":\"//www.wikidata.org/wiki/Q2906862\",\"concepturi\":\"http://www.wikidata.org/entity/Q2906862\",\"label\":\"influencer\",\"description\":\"influential person who uses their strong presence and activity in social media and networks to influence particular audiences in their buying decisions (influencer marketing)\",\"match\":{\"type\":\"label\",\"language\":\"en\",\"text\":\"influencer\"}}]", "claims": "[\"Q620615\",\"Q3220391\",\"Q35127\",\"Q2721136\",\"Q559856\",\"Q209330\",\"Q28640\",\"Q8246794\",\"Q2045208\",\"Q1900657\",\"Q2906862\"]", "owner": 2, "start_date": "2022-07-11T22:30:00Z", "duration": 2, "end_date": "2022-07-12T00:30:00Z", "participant_limit": 3, "amendment_deadline": "2022-06-30T17:00:00Z", "type": 1, "photo": "static/images/Offers/Kylie-Jenner-Sets-Trends-in-Manicure-Again1.jpeg", "created_at": "2022-06-02T17:41:50.574Z"}}, {"model": "offers.offer", "pk": "af404922-f85b-42a6-9981-8b07ba1accf2", "fields": {"title": "Tomato Festival", "latitude": null, "longitude": null, "location": "{\"formatted_address\":\"Barcelona, Spain\",\"geometry\":{\"location\":{\"lat\":41.3873974,\"lng\":2.168568},\"viewport\":{\"northeast\":{\"lat\":41.4682974,\"lng\":2.2280449},\"southwest\":{\"lat\":41.3170385,\"lng\":2.0523333}}},\"icon\":\"https://maps.gstatic.com/mapfiles/place_api/icons/v1/png_71/geocode-71.png\",\"icon_background_color\":\"#7B9EB0\",\"icon_mask_base_uri\":\"https://maps.gstatic.com/mapfiles/place_api/icons/v2/generic_pinlet\",\"name\":\"Barcelona\",\"photos\":[{\"height\":564,\"html_attributions\":[\"<a href=\\\"https://maps.google.com/maps/contrib/106267003476446512714\\\">Juanjo Soriano</a>\"],\"photo_reference\":\"Aap_uEB8za3pfEI4DrAoffJhRoKGqpy34FaQCqRXpv7kCbSjvB36zk_aeEfshl4E_pqGVv8dVS_Z0ekXHJjcdPZrtk-DzFGuTY4GGtVkHBzP18T_t7aLFQ9Bd9mC--wjpuG7XAvPwKoz1ueyiYvLHKmZYmS5RB2MVwNfVrD0L57wj6MtdSC-\",\"width\":564}],\"place_id\":\"ChIJ5TCOcRaYpBIRCmZHTz37sEQ\",\"reference\":\"ChIJ5TCOcRaYpBIRCmZHTz37sEQ\",\"types\":[\"locality\",\"political\"]}", "tags": "[{\"id\":\"Q23501\",\"title\":\"Q23501\",\"pageid\":26885,\"display\":{\"label\":{\"value\":\"tomato\",\"language\":\"en\"},\"description\":{\"value\":\"type of plant species with edible, often red, berry fruit\",\"language\":\"en\"}},\"repository\":\"wikidata\",\"url\":\"//www.wikidata.org/wiki/Q23501\",\"concepturi\":\"http://www.wikidata.org/entity/Q23501\",\"label\":\"tomato\",\"description\":\"type of plant species with edible, often red, berry fruit\",\"match\":{\"type\":\"label\",\"language\":\"en\",\"text\":\"tomato\"}},{\"id\":\"Q132241\",\"title\":\"Q132241\",\"pageid\":134056,\"display\":{\"label\":{\"value\":\"festival\",\"language\":\"en\"},\"description\":{\"value\":\"celebration that focuses upon a theme, and may run for hours to weeks; usually repeated regularily, eg. once a year\",\"language\":\"en\"}},\"repository\":\"wikidata\",\"url\":\"//www.wikidata.org/wiki/Q132241\",\"concepturi\":\"http://www.wikidata.org/entity/Q132241\",\"label\":\"festival\",\"description\":\"celebration that focuses upon a theme, and may run for hours to weeks; usually repeated regularily, eg. once a year\",\"match\":{\"type\":\"label\",\"language\":\"en\",\"text\":\"festival\"}}]", "claims": "[\"Q16521\",\"Q31839438\",\"Q23501\",\"Q15275719\",\"Q43229\",\"Q108586636\",\"Q132241\"]", "owner": 7, "start_date": "2022-07-05T16:00:00Z", "duration": 10, "end_date": "2022-07-06T02:00:00Z", "participant_limit": 20, "amendment_deadline": "2022-05-23T16:59:00Z", "type": 2, "photo": "static/images/Offers/tomato.jpeg", "created_at": "2022-06-02T17:02:50.546Z"}}, {"model": "offers.offer", "pk": "fc699afb-ba1a-4577-869a-bd64408662c4", "fields": {"title": "How to win a heart", "latitude": null, "longitude": null, "location": "{\"formatted_address\":\"İstanbul, Turkey\",\"geometry\":{\"location\":{\"lat\":41.0082376,\"lng\":28.9783589},\"viewport\":{\"northeast\":{\"lat\":41.199239,\"lng\":29.4288049},\"southwest\":{\"lat\":40.811404,\"lng\":28.595554}}},\"icon\":\"https://maps.gstatic.com/mapfiles/place_api/icons/v1/png_71/geocode-71.png\",\"icon_background_color\":\"#7B9EB0\",\"icon_mask_base_uri\":\"https://maps.gstatic.com/mapfiles/place_api/icons/v2/generic_pinlet\",\"name\":\"İstanbul\",\"photos\":[{\"height\":2268,\"html_attributions\":[\"<a href=\\\"https://maps.google.com/maps/contrib/116478159291729433032\\\">محمد الفطيمي</a>\"],\"photo_reference\":\"Aap_uEBd6mZLCD_kTuqxU3JaO9ojtW7ee5ndMpA5YLO-Pnxs8u7jGtXPw0YsEFFSeiZqXS-Hw7rA3EarBswZTQoBtXJiNwrUSvXyBVo7JMTcq5xSNg5EqYVeBJ47tN9TAzRrb7mmLNZOThke29rsFc0Nin5m4Ce75EoSBBUFcshChg6Gk9GS\",\"width\":4032}],\"place_id\":\"ChIJawhoAASnyhQR0LABvJj-zOE\",\"reference\":\"ChIJawhoAASnyhQR0LABvJj-zOE\",\"types\":[\"locality\",\"political\"]}", "tags": "[{\"id\":\"Q1072\",\"title\":\"Q1072\",\"pageid\":1414,\"display\":{\"label\":{\"value\":\"heart\",\"language\":\"en\"},\"description\":{\"value\":\"organ for the circulation of blood in animal circulatory systems\",\"language\":\"en\"}},\"repository\":\"wikidata\",\"url\":\"//www.wikidata.org/wiki/Q1072\",\"concepturi\":\"http://www.wikidata.org/entity/Q1072\",\"label\":\"heart\",\"description\":\"organ for the circulation of blood in animal circulatory systems\",\"match\":{\"type\":\"label\",\"language\":\"en\",\"text\":\"heart\"}},{\"id\":\"Q316\",\"title\":\"Q316\",\"pageid\":503,\"display\":{\"label\":{\"value\":\"love\",\"language\":\"en\"},\"description\":{\"value\":\"strong, positive emotion based on affection\",\"language\":\"en\"}},\"repository\":\"wikidata\",\"url\":\"//www.wikidata.org/wiki/Q316\",\"concepturi\":\"http://www.wikidata.org/entity/Q316\",\"label\":\"love\",\"description\":\"strong, positive emotion based on affection\",\"match\":{\"type\":\"label\",\"language\":\"en\",\"text\":\"love\"}}]", "claims": "[\"Q24060765\",\"Q103812529\",\"Q1072\",\"Q16748888\",\"Q813912\",\"Q1124198\",\"Q9415\",\"Q316\"]", "owner": 3, "start_date": "2022-08-15T21:00:00Z", "duration": 3, "end_date": "2022-08-16T00:00:00Z", "participant_limit": 3, "amendment_deadline": "2022-07-30T17:30:00Z", "type": 1, "photo": "static/images/Offers/hear.jpeg", "created_at": "2022-06-02T17:31:43.366Z"}}, {"model": "actstream.follow", "pk": 1, "fields": {"user": 1, "content_type": 4, "object_id": "3", "actor_only": true, "flag": "", "started": "2022-05-30T14:05:19.972Z"}}, {"model": "actstream.follow", "pk": 2, "fields": {"user": 2, "content_type": 4, "object_id": "6", "actor_only": true, "flag": "", "started": "2022-05-30T14:11:24.137Z"}}, {"model": "actstream.follow", "pk": 3, "fields": {"user": 1, "content_type": 4, "object_id": "4", "actor_only": true, "flag": "", "started": "2022-05-30T14:11:36.121Z"}}, {"model": "actstream.follow", "pk": 8, "fields": {"user": 7, "content_type": 4, "object_id": "6", "actor_only": true, "flag": "", "started": "2022-05-30T15:57:53.553Z"}}, {"model": "actstream.follow", "pk": 10, "fields": {"user": 6, "content_type": 4, "object_id": "7", "actor_only": true, "flag": "", "started": "2022-05-30T17:16:55.949Z"}}, {"model": "actstream.action", "pk": 9, "fields": {"actor_content_type": 4, "actor_object_id": "1", "verb": "started following", "description": null, "target_content_type": 4, "target_object_id": "3", "action_object_content_type": null, "action_object_object_id": null, "timestamp": "2022-05-30T14:05:19.975Z", "public": true}}, {"model": "actstream.action", "pk": 10, "fields": {"actor_content_type": 4, "actor_object_id": "2", "verb": "started following", "description": null, "target_content_type": 4, "target_object_id": "6", "action_object_content_type": null, "action_object_object_id": null, "timestamp": "2022-05-30T14:11:24.139Z", "public": true}}, {"model": "actstream.action", "pk": 29, "fields": {"actor_content_type": 4, "actor_object_id": "7", "verb": "started following", "description": null, "target_content_type": 4, "target_object_id": "6", "action_object_content_type": null, "action_object_object_id": null, "timestamp": "2022-05-30T15:32:55.781Z", "public": true}}, {"model": "actstream.action", "pk": 30, "fields": {"actor_content_type": 4, "actor_object_id": "7", "verb": "started following", "description": null, "target_content_type": 4, "target_object_id": "6", "action_object_content_type": null, "action_object_object_id": null, "timestamp": "2022-05-30T15:33:06.779Z", "public": true}}, {"model": "actstream.action", "pk": 34, "fields": {"actor_content_type": 4, "actor_object_id": "7", "verb": "started following", "description": null, "target_content_type": 4, "target_object_id": "6", "action_object_content_type": null, "action_object_object_id": null, "timestamp": "2022-05-30T15:57:53.555Z", "public": true}}, {"model": "actstream.action", "pk": 36, "fields": {"actor_content_type": 4, "actor_object_id": "6", "verb": "started following", "description": null, "target_content_type": 4, "target_object_id": "7", "action_object_content_type": null, "action_object_object_id": null, "timestamp": "2022-05-30T17:16:55.952Z", "public": true}}, {"model": "actstream.action", "pk": 39, "fields": {"actor_content_type": 4, "actor_object_id": "7", "verb": "created an offer", "description": null, "target_content_type": null, "target_object_id": null, "action_object_content_type": 10, "action_object_object_id": "65ac2f38-e19f-4a8b-8596-9554bc085c1a", "timestamp": "2022-06-02T16:57:50.153Z", "public": true}}, {"model": "actstream.action", "pk": 40, "fields": {"actor_content_type": 4, "actor_object_id": "7", "verb": "created an offer", "description": null, "target_content_type": null, "target_object_id": null, "action_object_content_type": 10, "action_object_object_id": "af404922-f85b-42a6-9981-8b07ba1accf2", "timestamp": "2022-06-02T17:02:50.542Z", "public": true}}, {"model": "actstream.action", "pk": 41, "fields": {"actor_content_type": 4, "actor_object_id": "7", "verb": "created an offer", "description": null, "target_content_type": null, "target_object_id": null, "action_object_content_type": 10, "action_object_object_id": "6f209902-cb84-4e3f-a6cc-bb2185c8ec11", "timestamp": "2022-06-02T17:05:35.608Z", "public": true}}, {"model": "actstream.action", "pk": 42, "fields": {"actor_content_type": 4, "actor_object_id": "2", "verb": "created an offer", "description": null, "target_content_type": null, "target_object_id": null, "action_object_content_type": 10, "action_object_object_id": "4341b057-b64d-493f-885f-cadec992d2d1", "timestamp": "2022-06-02T17:13:33.367Z", "public": true}}, {"model": "actstream.action", "pk": 43, "fields": {"actor_content_type": 4, "actor_object_id": "2", "verb": "created an offer", "description": null, "target_content_type": null, "target_object_id": null, "action_object_content_type": 10, "action_object_object_id": "2927c41a-ebaa-4b05-8319-504b09c6ed14", "timestamp": "2022-06-02T17:16:25.259Z", "public": true}}, {"model": "actstream.action", "pk": 44, "fields": {"actor_content_type": 4, "actor_object_id": "6", "verb": "created an offer", "description": null, "target_content_type": null, "target_object_id": null, "action_object_content_type": 10, "action_object_object_id": "456f0fb9-f396-4e46-aaf1-1c54211f4546", "timestamp": "2022-06-02T17:19:03.136Z", "public": true}}, {"model": "actstream.action", "pk": 45, "fields": {"actor_content_type": 4, "actor_object_id": "2", "verb": "created an offer", "description": null, "target_content_type": null, "target_object_id": null, "action_object_content_type": 10, "action_object_object_id": "63ec16ab-9282-420d-a8ee-0902860d4ff3", "timestamp": "2022-06-02T17:19:55.502Z", "public": true}}, {"model": "actstream.action", "pk": 46, "fields": {"actor_content_type": 4, "actor_object_id": "3", "verb": "created an offer", "description": null, "target_content_type": null, "target_object_id": null, "action_object_content_type": 10, "action_object_object_id": "40745612-1cc2-4d9d-89fc-198b7524bfe6", "timestamp": "2022-06-02T17:26:42.698Z", "public": true}}, {"model": "actstream.action", "pk": 47, "fields": {"actor_content_type": 4, "actor_object_id": "6", "verb": "created an offer", "description": null, "target_content_type": null, "target_object_id": null, "action_object_content_type": 10, "action_object_object_id": "00cb19c4-b240-4f5c-a8b5-dae8a13b8cf0", "timestamp": "2022-06-02T17:30:42.180Z", "public": true}}, {"model": "actstream.action", "pk": 48, "fields": {"actor_content_type": 4, "actor_object_id": "3", "verb": "created an offer", "description": null, "target_content_type": null, "target_object_id": null, "action_object_content_type": 10, "action_object_object_id": "fc699afb-ba1a-4577-869a-bd64408662c4", "timestamp": "2022-06-02T17:31:43.362Z", "public": true}}, {"model": "actstream.action", "pk": 49, "fields": {"actor_content_type": 4, "actor_object_id": "3", "verb": "created an offer", "description": null, "target_content_type": null, "target_object_id": null, "action_object_content_type": 10, "action_object_object_id": "216d807a-f31b-4589-a430-5b6670a6a8ca", "timestamp": "2022-06-02T17:34:40.830Z", "public": true}}, {"model": "actstream.action", "pk": 50, "fields": {"actor_content_type": 4, "actor_object_id": "3", "verb": "created an offer", "description": null, "target_content_type": null, "target_object_id": null, "action_object_content_type": 10, "action_object_object_id": "67f017b2-0547-4f01-aca9-1adaa6629b8f", "timestamp": "2022-06-02T17:37:46.429Z", "public": true}}, {"model": "actstream.action", "pk": 51, "fields": {"actor_content_type": 4, "actor_object_id": "2", "verb": "created an offer", "description": null, "target_content_type": null, "target_object_id": null, "action_object_content_type": 10, "action_object_object_id": "8b8de413-d668-4439-aafa-063060b39d96", "timestamp": "2022-06-02T17:41:50.569Z", "public": true}}, {"model": "actstream.action", "pk": 52, "fields": {"actor_content_type": 4, "actor_object_id": "9", "verb": "created an offer", "description": null, "target_content_type": null, "target_object_id": null, "action_object_content_type": 10, "action_object_object_id": "855c341e-ca05-4144-961c-022b8449e7b3", "timestamp": "2022-06-02T18:14:03.207Z", "public": true}}, {"model": "actstream.action", "pk": 53, "fields": {"actor_content_type": 4, "actor_object_id": "9", "verb": "created an offer", "description": null, "target_content_type": null, "target_object_id": null, "action_object_content_type": 10, "action_object_object_id": "5c713102-e41a-419d-b107-2ca2a38a4f23", "timestamp": "2022-06-02T18:16:41.960Z", "public": true}}, {"model": "notification.notification", "pk": "30e9f43c-281a-471b-bb8e-48e1240a1d93", "fields": {"serviceID": null, "receiverID": 2, "noteContent": "newman sent you a message.", "status": "Unread", "updated": "2022-06-02T19:39:18.874Z", "created": "2022-06-02T19:39:18.874Z"}}, {"model": "notification.notification", "pk": "340c7ca9-13d8-42dc-a669-e41176892e5d", "fields": {"serviceID": null, "receiverID": 7, "noteContent": "costanza sent you a message.", "status": "Unread", "updated": "2022-06-02T19:19:05.146Z", "created": "2022-06-02T19:19:05.146Z"}}, {"model": "notification.notification", "pk": "3c63f6f5-12b0-47be-b0a8-67f5b485dabf", "fields": {"serviceID": null, "receiverID": 6, "noteContent": "costanza sent you a message.", "status": "Unread", "updated": "2022-06-02T19:19:05.146Z", "created": "2022-06-02T19:19:05.146Z"}}, {"model": "notification.notification", "pk": "54b821ec-3e1f-4281-8420-5333ed9b25f4", "fields": {"serviceID": null, "receiverID": 2, "noteContent": "elaine sent you a message.", "status": "Unread", "updated": "2022-06-02T19:21:18.222Z", "created": "2022-06-02T19:21:18.222Z"}}, {"model": "notification.notification", "pk": "6aaa8ab3-6a35-4188-9426-a6319a8f9010", "fields": {"serviceID": null, "receiverID": 3, "noteContent": "costanza sent you a message.", "status": "Unread", "updated": "2022-06-02T19:19:05.146Z", "created": "2022-06-02T19:19:05.146Z"}}, {"model": "notification.notification", "pk": "6de37747-8d56-4766-9457-15f106b34d47", "fields": {"serviceID": null, "receiverID": 9, "noteContent": "newman sent you a message.", "status": "Unread", "updated": "2022-06-02T19:39:18.874Z", "created": "2022-06-02T19:39:18.874Z"}}, {"model": "notification.notification", "pk": "961ef954-03f6-46be-a22d-5f6fae7fc2ba", "fields": {"serviceID": null, "receiverID": 7, "noteContent": "costanza sent you a message.", "status": "Unread", "updated": "2022-06-02T19:17:21.179Z", "created": "2022-06-02T19:17:21.179Z"}}, {"model": "notification.notification", "pk": "e09b4fe7-3827-4bc9-814e-f2c7fd99cbda", "fields": {"serviceID": null, "receiverID": 2, "noteContent": "elaine sent you a message.", "status": "Unread", "updated": "2022-06-02T19:20:14.875Z", "created": "2022-06-02T19:20:14.875Z"}}, {"model": "notification.notification", "pk": "ec3102cf-d939-41f3-9e33-cb9983435c63", "fields": {"serviceID": null, "receiverID": 2, "noteContent": "newman sent you a message.", "status": "Unread", "updated": "2022-06-02T19:23:15.952Z", "created": "2022-06-02T19:23:15.952Z"}}, {"model": "notification.notification", "pk": "ef5c1eea-15eb-4854-9dcf-bbed146453b6", "fields": {"serviceID": null, "receiverID": 6, "noteContent": "newman sent you a message.", "status": "Unread", "updated": "2022-06-02T19:39:18.874Z", "created": "2022-06-02T19:39:18.874Z"}}, {"model": "usermessages.usermessage", "pk": 1, "fields": {"message_from": 6, "child": null, "subject": "Regarding Offer", "body": "Can you call me xxxx, we can discuss about some details?", "sent_at": "2022-05-30T15:30:06.731Z", "message_to": [2], "is_read_by": []}}, {"model": "usermessages.usermessage", "pk": 7, "fields": {"message_from": 1, "child": null, "subject": "Vegan Latte Art Offer", "body": "Hey Cosmo, please bring your own coffee", "sent_at": "2022-06-02T19:17:21.166Z", "message_to": [6], "is_read_by": []}}, {"model": "usermessages.usermessage", "pk": 8, "fields": {"message_from": 1, "child": null, "subject": "Salsa Sauce offer", "body": "Guys please get tomato, pepper and garlic with you", "sent_at": "2022-06-02T19:19:05.126Z", "message_to": [2, 3, 6], "is_read_by": []}}, {"model": "usermessages.usermessage", "pk": 9, "fields": {"message_from": 3, "child": null, "subject": "Call me", "body": "Please call me ASAP", "sent_at": "2022-06-02T19:20:14.862Z", "message_to": [1], "is_read_by": []}}, {"model": "usermessages.usermessage", "pk": 10, "fields": {"message_from": 3, "child": null, "subject": "Emergency", "body": "I need to meet a harsh deadline at work, so sorry I van not make it to Salsa sauce offer", "sent_at": "2022-06-02T19:21:18.210Z", "message_to": [1], "is_read_by": []}}, {"model": "usermessages.usermessage", "pk": 11, "fields": {"message_from": 2, "child": null, "subject": "phone number", "body": "please leave your full address and phone number here for me", "sent_at": "2022-06-02T19:23:15.940Z", "message_to": [1], "is_read_by": [1]}}, {"model": "usermessages.usermessage", "pk": 12, "fields": {"message_from": 2, "child": null, "subject": "No guests", "body": "Please do not bring guests with you like the previous time.", "sent_at": "2022-06-02T19:39:18.855Z", "message_to": [1, 3, 9], "is_read_by": [1]}}, {"model": "usermessages.userinbox", "pk": 1, "fields": {"owner": 8, "content": []}}, {"model": "usermessages.userinbox", "pk": 2, "fields": {"owner": 9, "content": [12]}}, {"model": "usermessages.userinbox", "pk": 3, "fields": {"owner": 1, "content": [7, 8, 9, 10, 12, 11]}}, {"model": "usermessages.userinbox", "pk": 4, "fields": {"owner": 2, "content": [8, 11, 12]}}, {"model": "usermessages.userinbox", "pk": 5, "fields": {"owner": 6, "content": [7, 8]}}, {"model": "usermessages.userinbox", "pk": 7, "fields": {"owner": 3, "content": [8, 9, 10, 12]}}, {"model": "badges.communitybuilderbadge", "pk": 2, "fields": {"awarded_date": "2022-06-02T18:18:59Z", "award_end_date": "2022-07-02T18:18:59Z", "is_active": true, "owner": 9}}, {"model": "badges.mastereventorganizerbadge", "pk": 1, "fields": {"awarded_date": "2022-05-28T21:00:00Z", "award_end_date": "2022-06-27T21:00:00Z", "is_active": true, "owner": 7}}, {"model": "badges.greatserviceproviderbadge", "pk": 1, "fields": {"awarded_date": "2022-05-28T21:00:00Z", "award_end_date": "2022-06-27T21:00:00Z", "is_active": true, "owner": 2}}, {"model": "badges.newcomerbadge", "pk": 3, "fields": {"awarded_date": "2022-05-30T13:54:25.148Z", "award_end_date": "2022-06-29T13:54:25.148Z", "is_active": true, "owner": 6}}, {"model": "badges.newcomerbadge", "pk": 12, "fields": {"awarded_date": "2022-06-02T16:45:47.435Z", "award_end_date": "2022-07-02T16:45:47.435Z", "is_active": true, "owner": 8}}, {"model": "badges.newcomerbadge", "pk": 14, "fields": {"awarded_date": "2022-06-02T18:20:53.296Z", "award_end_date": "2022-07-02T18:20:53.296Z", "is_active": true, "owner": 7}}, {"model": "badges.newcomerbadge", "pk": 15, "fields": {"awarded_date": "2022-06-02T20:40:28.027Z", "award_end_date": "2022-07-02T20:40:28.027Z", "is_active": true, "owner": 1}}]